Date,Close,High,Low,Open,Volume,RSI,MACD,MACD_SIGNAL,SMA20,EMA20,BB_UPPER,BB_LOWER,ATR,CCI,proba_rfc_cal,proba_sgd_cal,proba_xgb_cal,proba_sentiment_neg,proba_sentiment_neu,proba_sentiment_pos,y_true
2025-01-01,94419.7578125,94929.8671875,92788.125,93425.1015625,24519888919,43.42592971280728,-1393.378495421537,-982.2203395518728,97936.378125,96425.33415567409,106274.90655550367,89597.84969449634,3829.8035714285716,-78.3797681206018,,,,,,,1
2025-01-02,96886.875,97739.8203125,94201.5703125,94416.2890625,46009564411,49.91284006430737,-1174.3679660443886,-1020.6742379040396,97707.758984375,96470.96895318168,105888.84061563794,89526.67735311207,3571.073660714286,-30.887482828927627,,,,,,,1
2025-01-03,98107.4296875,98956.9140625,96034.6171875,96881.7265625,35611391163,52.796517369446605,-898.7003400004032,-996.2670824251953,97544.48203125,96632.18750085887,105545.93908144516,89543.02498105483,3356.6852678571427,2.469016580036274,,,,,,,1
2025-01-04,98236.2265625,98734.4296875,97562.9765625,98106.9921875,22342608078,53.1033452944829,-663.1175451747113,-929.6101357051724,97241.35859375,96789.69558456368,104598.87795516702,89883.83923233299,3220.3191964285716,21.246030845597797,,,,,,,1
2025-01-05,98314.9609375,98813.3046875,97291.765625,98233.90625,20525254825,53.30317128343378,-465.2838605106808,-836.7147343849961,96855.620703125,96939.0270008137,102978.46242952331,90732.77897672668,3103.4235491071427,35.35697939687176,,,,,,,1
2025-01-06,102078.0859375,102482.875,97926.1484375,98314.953125,51823432705,61.70257767504987,-20.91840744795627,-673.5130994307642,96652.494921875,97440.82925536699,101643.25961881626,91661.73022493374,3142.2555803571427,141.15839258802941,,,,,,,0
2025-01-07,96922.703125,102712.484375,96132.875,102248.8515625,58685738547,48.7623294035214,-63.94178879771789,-551.5735114425693,96496.553125,97390.35841301238,101229.70081786609,91763.40543213392,3186.7957589285716,78.6625906161193,,,,,,,0
2025-01-08,95043.5234375,97258.3203125,92525.84375,96924.1640625,63875859171,45.05331810403721,-239.930724692691,-489.23459626368333,96374.181640625,97162.24793260425,101125.59654237663,91622.76673887337,3390.1668526785716,-51.62495947968112,,,,,,,0
2025-01-09,92484.0390625,95349.71875,91220.84375,95043.484375,62777261693,40.531292451169726,-570.4460310998693,-505.47904248819026,96110.587109375,96708.41978068574,101117.32093337413,91103.85328537588,3346.0373883928573,-110.1544780833185,,,,,,,1
2025-01-10,94701.453125,95770.609375,92250.09375,92494.4921875,62058693684,45.62339699419248,-652.6898633542878,-534.9243378222819,95984.4234375,96514.07020924734,101000.10575868929,90968.7411163107,3312.9241071428573,-60.95925261547632,,,,,,,0
2025-01-11,94566.59375,94977.6875,93840.046875,94700.8359375,18860894100,45.368956266966066,-719.9585002056556,-571.934318759935,95957.50625,96325.78266004483,100998.77453773787,90916.23796226214,3286.2120535714284,-49.941468317592964,,,,,,,0
2025-01-12,94488.4375,95367.5390625,93712.5078125,94565.7265625,20885130965,45.21158841056037,-770.3986661485251,-611.6298897782254,95947.616015625,96148.39919061732,101000.14904577141,90895.08298547858,3240.63671875,-47.8903850608032,,,,,,,1
2025-01-13,94516.5234375,95837.0,89260.1015625,94488.890625,72978998252,45.285035274937904,-798.8973541103915,-649.0854219177995,95739.6375,95991.0577991398,100659.98754230549,90819.2874576945,3454.2589285714284,-84.96816950820822,,,,,,,1
2025-01-14,96534.046875,97352.6640625,94322.15625,94519.0078125,53769675818,50.42608832514938,-655.7875651978829,-650.4259089602615,95601.380078125,96043.34977827544,100248.39595591067,90954.36420033933,3372.3973214285716,18.03828018592527,,,,,,,1
2025-01-15,100504.4921875,100697.234375,96501.640625,96534.046875,57805923627,58.65866480549887,-227.98844495521917,-565.9354720972152,95836.82890625,96472.51788137443,100976.33923379745,90697.31857870254,3519.101004464286,121.28420639262902,,,,,,,0
2025-01-16,99756.90625,100781.5859375,97364.4453125,100505.296875,54103781805,56.747764919321874,51.48720940986823,-442.447493453365,96116.43125,96788.17653696616,101476.65837181876,90756.20412818123,3510.4503348214284,107.06079306587574,,,,,,,1
2025-01-17,104462.0390625,105884.2265625,99948.90625,100025.765625,71888972663,64.5706122603311,636.4600369584514,-226.66117517530049,96581.33671875,97525.06071204551,103084.71776530142,90077.95567219857,3739.3805803571427,191.56372850711767,,,,,,,0
2025-01-18,104408.0703125,104913.203125,102226.6171875,104124.953125,50445655726,64.42667369624041,1083.1128380396258,35.298300980908806,97125.22890625,98185.4832567405,104335.28687015385,89915.17094234616,3847.6043526785716,168.742063034275,,,,,,,0
2025-01-19,101089.609375,106299.796875,99570.53125,104411.2890625,76789928525,56.13977610846161,1161.0701391715265,260.45588217541484,97547.548828125,98463.93507727543,104640.75076792344,90454.34688832656,4219.584821428572,117.27563071298006,,,,,,,1
2025-01-20,102016.6640625,109114.8828125,99471.359375,101083.75,126279678351,57.77381154808271,1281.4572279144777,464.6584829047533,97976.921875,98804.35686890545,105060.09965922759,90893.74409077241,4582.927455357143,129.87876466474444,,,,,,,1
2025-01-21,106146.265625,107180.921875,100103.953125,102052.578125,88733878242,64.17629679064783,1684.946787203604,708.7183731015805,98563.247265625,99507.44812620338,106316.32336276794,90810.17116848206,4618.453125,133.69356750424944,,,,,,,0
2025-01-22,103653.0703125,106294.34375,103360.265625,106136.3828125,53878181052,58.41737022736048,1785.9798732409254,924.1722475604009,98901.55703125,99904.24117498865,106932.16167943805,90870.95238306196,4489.99609375,115.7538100307554,,,,,,,1
2025-01-23,103960.171875,106820.328125,101257.8046875,103657.671875,104104515428,58.90652930553739,1868.8599004493008,1113.1108826746795,99194.194140625,100292.26494954768,107523.93311002692,90864.45517122308,4592.399553571428,94.64754490021387,,,,,,,1
2025-01-24,104819.484375,107098.546875,102772.125,103965.671875,52388229265,60.31334263517871,1980.0627151081571,1286.5020600781418,99523.35703125,100725.1898668329,108206.50274835403,90840.21131414596,4649.964285714285,98.39876446803333,,,,,,,0
2025-01-25,104714.6484375,105243.7890625,104120.375,104824.03125,23888996502,60.0432754828534,2036.302351834005,1436.4626794986027,99843.34140625,101106.54191464711,108806.1573192204,90880.5254932796,4648.948102678572,84.32671647112888,,,,,,,0
2025-01-26,102682.5,105438.6484375,102507.7109375,104713.2109375,22543395879,54.91059267954056,1896.8730520264799,1528.5450296209576,99873.562109375,101257.13464762889,108872.10936942692,90875.01484932307,4740.084263392857,60.51686700338629,,,,,,,0
2025-01-27,102087.6875,103214.109375,97795.9375,102680.3046875,89006608428,53.46981143948112,1719.0551446432073,1566.647143861845,100131.811328125,101336.47396348392,109070.0406368055,91193.5820194445,4657.318080357143,17.570907980599863,,,,,,,0
2025-01-28,101332.4765625,103730.8203125,100238.1875,102095.4140625,47180685494,51.6179209977883,1500.4898836259963,1553.4156664682002,100446.258984375,101336.09221799437,109067.65350896349,91824.86445978652,4690.327008928572,25.454249845876127,,,,,,,1
2025-01-29,103703.2109375,104750.8046875,101283.8203125,101317.5234375,47432049818,56.68903952682056,1499.5300826287275,1542.638533184397,101007.217578125,101562.08948911689,108874.236085372,93140.19907087799,4638.283482142857,46.78132805752252,,,,,,,1
2025-01-30,104735.3046875,106418.765625,103321.6484375,103709.3359375,41915744521,58.71767634936334,1563.2988930840365,1546.7706102302368,101508.91015625,101864.97634585746,108951.03018832875,94066.79012417125,4615.424665178572,73.52714703038485,,,,,,,0
2025-01-31,102405.0234375,106026.3515625,101543.8828125,104737.5625,45732764360,52.714135698782904,1410.9879996672535,1519.6140614825745,101900.831640625,101916.51345338828,108591.19671832674,95210.46656292325,4497.935267857143,37.485128664751024,,,,,,,0
2025-02-01,100655.90625,102755.7265625,100297.7109375,102402.796875,27757944848,48.689991423263045,1137.0556710430828,1443.1023233606807,102209.205078125,101796.2359165211,107964.18547389502,96454.22468235498,4481.608816964285,-25.65443740178461,,,,,,,0
2025-02-02,97688.9765625,101430.6640625,96216.078125,100661.5390625,63091816853,42.73112307938779,674.4030094236368,1289.3623640691353,102367.827734375,101404.4208038162,107353.51121721404,97382.14425153595,4373.417410714285,-133.52867675842177,,,,,,,1
2025-02-03,101405.421875,102514.171875,91242.890625,97681.1015625,115400897748,50.846099365240434,598.8806699295819,1151.2659558936084,102611.396484375,101404.51628670502,106811.086954446,98411.706014304,4489.685825892857,-150.02593569071695,,,,,,,0
2025-02-04,97871.8203125,101745.6171875,96208.109375,101398.71875,73002130211,44.40351059747359,252.63184129777073,971.5390607719447,102479.762890625,101067.61325651684,107101.35156082943,97858.17422042058,4379.724330357143,-137.98469378730698,,,,,,,0
2025-02-05,96615.4453125,99113.2109375,96174.828125,97878.0078125,49125911241,42.348892010806004,-121.1942497126729,752.9923284368095,102322.68984375,100643.07760975782,107512.52753017421,97132.8521573258,4380.031808035715,-170.19529308306974,,,,,,,0
2025-02-06,96593.296875,99168.609375,95707.3515625,96610.640625,45302471947,42.31172282010286,-414.433998487817,519.5070030204519,101929.252734375,100256.95658816054,107606.38592091638,96252.11954783362,4229.94140625,-145.11848746521923,,,,,,,0
2025-02-07,96529.0859375,100154.140625,95653.8828125,96581.3203125,55741290456,42.19609458131578,-644.5382777517516,286.69789897995594,101535.303515625,99901.56518639883,107570.37803038044,95500.22900086956,4242.358258928572,-117.84484777548171,,,,,,,0
2025-02-08,96482.453125,96877.8046875,95702.4921875,96533.2578125,22447526395,42.106100177786615,-821.1630470876262,65.1256733066288,101304.945703125,99575.63999219975,107749.4692902867,94860.42211596332,4246.065290178572,-125.67590753364959,,,,,,,1
2025-02-09,96500.09375,97325.28125,94745.2578125,96481.3125,27732901800,42.15635826034621,-948.7713388820557,-137.65375582506607,101029.1171875,99282.49037611547,107808.8840229378,94249.3503520622,4221.0,-113.33083690402965,,,,,,,1
2025-02-10,97437.5546875,98333.21875,95320.84375,96499.4609375,40078962391,44.894115785314995,-963.4152375193225,-302.80606955648597,100593.681640625,99106.65172314217,107102.89637019168,94084.46691105832,4049.1573660714284,-83.27245462961514,,,,,,,0
2025-02-11,95747.4296875,98492.8984375,94875.0390625,97438.1328125,37488783272,41.115798608708054,-1098.2726157818543,-461.8993922051455,100198.399609375,98786.51086101895,106883.15452189403,93513.64469685598,4058.102120535714,-88.19698737283376,,,,,,,1
2025-02-12,97885.859375,98151.0234375,94101.203125,95745.6953125,49340445530,47.17367267717896,-1021.3494740687893,-573.7894161192469,99894.683984375,98700.68238913556,106409.61101118157,93379.75695756845,4099.733258928572,-73.39658535276946,,,,,,,0
2025-02-13,96623.8671875,98111.0859375,95269.7109375,97888.75,37147280860,44.278586005671244,-1049.8201336297498,-668.9955647548528,99484.903125,98502.78169237489,105720.56421533038,93249.24203466962,4081.4659598214284,-68.98145974409874,,,,,,,1
2025-02-14,97508.96875,98819.46875,96342.8046875,96623.3671875,32697987277,46.74704934351314,-989.7392087772168,-733.1442963264399,99124.619140625,98408.08574964081,104903.97383947256,93345.26444177744,3938.1941964285716,-43.00237764307907,,,,,,,1
2025-02-15,97580.3515625,97975.0390625,97240.1953125,97508.3828125,17047266288,46.951159998222465,-925.7049753030151,-771.6564334507599,98869.51171875,98329.21843780002,104434.04449246131,93304.97894503869,3815.1104910714284,-37.87980930614643,,,,,,,0
2025-02-16,96175.03125,97725.59375,96060.9765625,97580.4921875,16536755396,43.42254988929316,-976.8318598284241,-812.6915198591478,98573.87890625,98123.9742031712,104046.00373442814,93101.75407807186,3561.5412946428573,-62.6459360658752,,,,,,,0
2025-02-17,95773.3828125,97032.234375,95243.546875,96179.0078125,27336550690,42.44080996542306,-1037.7238035596529,-857.6979775932429,98295.92421875,97900.02587466214,103742.74761588522,92849.10082161479,2884.2131696428573,-79.68575348827865,,,,,,,0
2025-02-18,95539.546875,96695.375,93388.8359375,95773.8125,37325720482,41.84760928459199,-1092.2171061566041,-904.6018041346339,97887.741015625,97675.14341323239,102828.4217736221,92947.06025762789,2724.8582589285716,-107.08346813430897,,,,,,,1
2025-02-19,96635.609375,96855.59375,95011.96875,95532.53125,28990872862,45.68013769504952,-1035.1838633175212,-930.7182163403609,97482.75625,97576.11031360169,101248.18073495191,93717.3317650481,2646.6612723214284,-72.180566903078,,,,,,,1
2025-02-20,98333.9375,98767.1953125,96442.671875,96632.6796875,31668022771,51.06202689995343,-843.4499847164989,-913.2645698182256,97279.201953125,97648.30402438086,100288.47221231773,94269.93169393226,2565.4659598214284,43.49474585578876,,,,,,,0
2025-02-21,96125.546875,99497.96875,94852.9609375,98340.671875,49608706470,44.84064426385311,-859.5124444948742,-902.5141446563043,97052.683984375,97503.24373289733,99644.86619525898,94460.50177349104,2575.805245535714,-18.94118560495154,,,,,,,1
2025-02-22,96577.7578125,96950.15625,95765.34375,96134.203125,18353824477,46.283899659954976,-826.2778312171286,-887.2668818581246,96997.123046875,97415.08253058988,99579.4980119736,94414.7480817764,2576.483816964286,-50.10628993936521,,,,,,,0
2025-02-23,96273.921875,96671.875,95270.453125,96577.8046875,16999478976,45.42391378612237,-815.0266126939532,-872.818827941642,96740.548046875,97306.3786019278,98293.09732238424,95187.99877136576,2492.2979910714284,-81.09581214219392,,,,,,,0
2025-02-24,91418.171875,96503.453125,91371.7421875,96277.9609375,44046480529,34.41756296911056,-1183.7945797606662,-935.013978593515,96417.865625,96745.49448537467,99186.67217844605,93649.05907155396,2643.679129464286,-331.7051082540911,,,,,,,0
2025-02-25,88736.171875,92511.078125,86008.234375,91437.1171875,92139104128,30.081937636595697,-1672.9209510020155,-1082.5953736220554,96023.901953125,95982.57568382341,100431.55343089714,91616.25047535285,2849.749441964286,-421.13990321038744,,,,,,,0
2025-02-26,84347.0234375,89286.25,82131.8984375,88638.890625,64597492134,24.61671451508019,-2386.8255329692474,-1343.4414062647138,95411.58828125,94874.26201376217,102229.62674737582,88593.54981512419,3071.5016741071427,-351.767695220985,,,,,,,1
2025-02-27,84704.2265625,87000.78125,83144.9609375,84076.859375,52659591954,25.798220900647976,-2890.473856875309,-1652.8478971205664,94820.3453125,93905.55606584818,103120.17739068675,86520.51323431324,3143.9620535714284,-243.71211811273443,,,,,,,0
2025-02-28,84373.0078125,85036.3203125,78248.9140625,84705.625,83610570576,25.400671992219443,-3278.518587190585,-1977.982035751394,94214.873046875,92997.58311317538,103688.01052156932,84741.73557218068,3451.8722098214284,-215.16957976551527,,,,,,,1
2025-03-01,86031.9140625,86522.3046875,83794.234375,84373.8671875,29190628396,31.125359271040807,-3412.9490267591027,-2264.9754343885083,93691.4640625,92334.11253429073,103770.37408552547,83612.55403947453,3594.245535714286,-131.62241638030767,,,,,,,1
2025-03-02,94248.3515625,95043.4375,85040.2109375,86036.2578125,58398341092,51.129177402206864,-2824.4419689034985,-2376.8687414273636,93532.00390625,92516.43929444723,103461.16783285343,83602.83997964657,4189.860491071428,-31.05422822610869,,,,,,,0
2025-03-03,86065.671875,94429.75,85081.3046875,94248.421875,70072228536,38.985433561324314,-2983.451151354471,-2498.185223530624,93047.916015625,91902.02475452046,103454.85285428289,82640.97917696711,4729.843191964285,-68.22612186068827,,,,,,,1
2025-03-04,87222.1953125,88911.2734375,81529.2421875,86064.0703125,68095241474,41.11424696537626,-2981.830297068169,-2594.914238313298,92514.7328125,91456.29012758343,102970.58715277046,82058.87847222955,5020.949776785715,-94.15807201545272,,,,,,,1
2025-03-05,90623.5625,90998.2421875,86379.7734375,87222.953125,50498988027,46.973968218092715,-2675.410211792725,-2611.013433019192,92214.717578125,91376.97684461962,102517.34457526516,81912.09058098483,5219.152901785715,-39.7156808458224,,,,,,,0
2025-03-06,89961.7265625,92804.9375,87852.140625,90622.359375,47749810486,46.014473275355115,-2457.6131458502496,-2580.3333755701456,91837.35546875,91242.18204683739,101872.90715960549,81801.80377789451,5406.88671875,-22.77520212142731,,,,,,,0
2025-03-07,86742.671875,91191.046875,84717.6796875,89963.28125,65945677657,41.56715293847202,-2515.62030009336,-2567.390760469639,91295.471484375,90813.63121722858,101194.80103106501,81396.14193768498,5537.483816964285,-56.38169788780331,,,,,,,0
2025-03-08,86154.59375,86847.265625,85247.484375,86742.65625,18206118081,40.79150430362672,-2579.2859870284883,-2569.7698057821663,90794.449609375,90369.88895742074,100668.20544561795,80920.69377313206,5567.124441964285,-71.88081939290413,,,,,,,0
2025-03-09,80601.0390625,86471.1328125,80052.484375,86154.3046875,30899345977,34.28510203708606,-3042.5870567837264,-2664.333256006557,90035.832421875,89439.47600171324,100605.78337513296,79465.88146861705,5925.497767857143,-118.09437083650307,,,,,,,0
2025-03-10,78532.0,83955.9296875,77420.59375,80597.1484375,54061099422,32.222958365087635,-3535.8763496339525,-2838.641874767543,89185.455078125,88400.62199154083,100594.34178110307,77776.56837514693,6025.756696428572,-140.29231000762172,,,,,,,1
2025-03-11,82862.2109375,83577.7578125,76624.25,78523.875,54702837196,40.314107594637406,-3536.7622490992944,-2978.2659496566466,88496.78515625,87873.1327849737,99672.56815950632,77321.00215299368,6057.946986607143,-113.57472224404526,,,,,,,1
2025-03-12,83722.359375,84358.578125,80635.25,82857.375,40353484454,41.80037456888063,-3428.5579768173484,-3068.3243551005276,87766.20625,87477.80646179666,98114.01824132164,77418.39425867837,5812.873883928572,-78.29098360535457,,,,,,,0
2025-03-13,81066.703125,84301.6953125,79931.8515625,83724.921875,31412940153,38.60411613531405,-3516.4851251584914,-3157.9565091214686,87013.2640625,86867.20483098202,96984.62399160145,77041.90413339857,5849.58984375,-89.9710103084332,,,,,,,1
2025-03-14,83969.1015625,85263.2890625,80797.5625,81066.9921875,29588112414,43.6733838880961,-3313.83919842029,-3189.133046983834,86382.83125,86591.18666856363,95352.03661855335,77413.62588144666,5683.755580357143,-57.869064892045316,,,,,,,1
2025-03-15,84343.109375,84672.671875,83639.59375,83968.40625,13650491277,44.31147110772202,-3087.4784935545904,-3168.8021362966283,85786.290625,86377.07822483024,93482.23816709184,78090.34308290815,5562.684709821428,-34.68818887511118,,,,,,,0
2025-03-16,82579.6875,85051.6015625,82017.90625,84333.3203125,21330270174,41.90126725732359,-3015.5789198551065,-3138.157493006687,85344.36640625,86015.4130334366,92685.51815290596,78003.21465959404,5064.861049107143,-51.81860193538654,,,,,,,1
2025-03-17,84075.6875,84725.328125,82492.15625,82576.3359375,25092785558,44.651705533941666,-2805.5709423502267,-3071.640182872554,85111.3421875,85830.67314042569,92293.31690046801,77929.367474532,4556.627232142857,-32.948952227010025,,,,,,,0
2025-03-18,82718.5,84075.71875,81179.9921875,84075.71875,24095774594,42.677783301845196,-2717.302736796584,-3000.772693654938,85029.916015625,85534.26970625276,92284.93271693676,77774.89931431324,4236.176897321428,-57.19009614085249,,,,,,,1
2025-03-19,86854.2265625,87021.1875,82569.7265625,82718.8046875,34931960257,49.94015008840553,-2287.3336138837913,-2858.084877696808,85137.416015625,85659.98218245532,92435.69887349532,77839.13315775468,4224.247767857143,15.247727061921513,,,,,,,0
2025-03-20,84167.1953125,87443.265625,83647.1953125,86872.953125,29028988961,45.87362164483789,-2138.7049236813473,-2714.208886890569,85127.125390625,85517.80965154068,92430.52503983752,77823.72574141249,4141.624441964285,1.915557232552059,,,,,,,0
2025-03-21,84043.2421875,84782.2734375,83171.0703125,84164.5390625,19030452299,45.688799856672574,-2007.7710030510498,-2572.9213101201926,85027.691796875,85377.37255220473,92333.37437296819,77722.00922078182,3794.3270089285716,-25.022465100726922,,,,,,,0
2025-03-22,83832.484375,84513.875,83674.78125,84046.2578125,9863214091,45.35420551794332,-1899.1162357597932,-2438.1602952462263,84506.8984375,85230.23835162871,90391.8512359872,78621.9456390128,3739.9921875,-17.37758714399223,,,,,,,1
2025-03-23,86054.375,86094.78125,83794.9140625,83831.8984375,12594615537,49.54892515399373,-1615.1278088191466,-2273.553797958967,84506.33359375,85308.72851827266,90390.65857928425,78622.00860821574,3445.793526785714,30.685084727851702,,,,,,,1
2025-03-24,87498.9140625,88758.7265625,85541.1953125,86070.9296875,34582604933,52.122118486389105,-1259.0064018694102,-2070.6443187392383,84520.16953125,85517.31993089172,90432.61647088168,78607.72259161831,3208.8074776785716,90.68432488653798,,,,,,,0
2025-03-25,87471.703125,88542.3984375,86346.078125,87512.8203125,30005840049,52.06824515487342,-967.8168097211892,-1850.0788169340478,84362.5765625,85703.45353120429,89733.24388973851,78991.9092352615,2869.008370535714,105.64473187184338,,,,,,,0
2025-03-26,86900.8828125,88292.15625,85861.453125,87460.234375,26704046038,50.880177989786446,-774.177622238698,-1634.8985779937443,84209.534375,85817.49545038435,89057.3966382762,79361.6721117238,2776.6780133928573,106.68751639873142,,,,,,,1
2025-03-27,87177.1015625,87786.7265625,85837.9375,86896.2578125,24413471941,51.45738243022988,-591.6115027464402,-1426.2411629433263,84231.255859375,85946.9828102854,89130.52827470822,79331.98344404178,2603.745535714286,106.76092694550864,,,,,,,0
2025-03-28,84353.1484375,87489.859375,83557.640625,87185.234375,34198619509,45.562568646259955,-667.0822543977556,-1274.4093812336553,84141.18359375,85795.1879325063,88957.1002381306,79325.2669493694,2565.6378348214284,39.668335858338935,,,,,,,0
2025-03-29,82597.5859375,84567.3359375,81634.140625,84352.0703125,16969396135,42.31706963394616,-858.6406601093768,-1191.2556370085556,84241.0109375,85490.65236168861,88825.14290027731,79656.8789747227,2701.3604910714284,-50.66648907494097,,,,,,,0
2025-03-30,82334.5234375,83505.0,81573.25,82596.984375,14763760943,41.836172096505095,-1019.9197737219365,-1156.9884643511512,84431.137109375,85190.06682616573,88273.74292139668,80588.53129735333,2622.6501116071427,-79.72726703279827,,,,,,,1
2025-03-31,82548.9140625,83870.125,81293.890625,82336.0625,29004228247,42.41056794617789,-1117.5537873706344,-1149.1015289550328,84415.472265625,84938.52708333389,88287.45037547685,80543.49415577314,2647.1545758928573,-82.06984030918326,,,,,,,1
2025-04-01,85169.171875,85487.3671875,82429.359375,82551.921875,28175650319,49.03506221101641,-972.3045936663548,-1113.742141897244,84487.812890625,84960.49336334976,88359.32865788236,80616.29712336765,2658.74609375,-4.160503517987934,,,,,,,0
2025-04-02,82485.7109375,88466.953125,82343.5390625,85180.609375,47584398470,43.514538817688695,-1061.4748197198933,-1103.2886774617614,84558.76328125,84724.79873711802,88212.16124220393,80905.36532029606,2778.171316964286,-7.7347544149532395,,,,,,,1
2025-04-03,83102.828125,83909.296875,81282.1015625,82487.4765625,36852112080,45.04676828224986,-1070.0153170933772,-1096.634005388078,84515.449609375,84570.32471582292,88218.48616969187,80812.41304905814,2694.680245535714,-90.01119032806906,,,,,,,1
2025-04-04,83843.8046875,84696.1484375,81670.75,83100.25,45157640207,46.90898272189656,-1005.4069573667512,-1078.3885957837988,84490.484375,84501.13207699222,88205.12735932154,80775.84139067846,2795.6941964285716,-54.48869433509703,,,,,,,0
2025-04-05,83504.796875,84207.015625,82377.734375,83844.703125,14380803631,46.13862747996975,-970.3719888490596,-1056.7852743968374,84536.73984375,84406.24269351446,88173.42031860659,80900.0593688934,2866.421875,-57.07841039865655,,,,,,,0
2025-04-06,78214.484375,83704.71875,77097.7421875,83504.5078125,36294853736,36.15911864733095,-1353.8614215334965,-1116.2005038241984,84243.6796875,83816.54964482671,88851.71667124232,79635.64270375768,3174.0725446428573,-202.09161152875015,,,,,,,1
2025-04-07,79235.3359375,81119.0625,74436.6796875,78221.3359375,91262424987,38.90520785859987,-1557.455702712672,-1204.4515436019278,84069.521484375,83380.24238571644,89158.4617204781,78980.5812482719,3421.561941964286,-221.99090295069232,,,,,,,0
2025-04-08,76271.953125,80823.890625,76198.0234375,79218.4765625,48314590749,34.29372805720638,-1935.6023831628845,-1350.681711514165,83540.4078125,82703.26078309963,89530.93542028348,77549.88020471651,3595.101004464286,-196.34769983056623,,,,,,,1
2025-04-09,82573.953125,83541.0,74589.671875,76273.5625,84213627038,48.3222392321986,-1707.1101329935773,-1421.9673958100655,83460.745703125,82690.94574050685,89458.54794802857,77462.94345822142,4060.859933035714,-101.48677379723345,,,,,,,0
2025-04-10,79626.140625,82700.9296875,78456.1328125,82565.9765625,44718000633,43.62984427688047,-1743.781709066985,-1486.3302584614623,83239.890625,82399.05894854543,89468.24861665162,77011.53263334838,4224.860491071428,-89.11086642349676,,,,,,,1
2025-04-11,83404.8359375,84247.4765625,78936.3203125,79625.046875,41656778779,50.29315963932494,-1451.2171720731567,-1479.3076411838,83218.508203125,82494.84740853186,89441.2339722137,76995.78243403631,4323.356026785715,-29.11048397916771,,,,,,,1
2025-04-12,85287.109375,85856.1875,82769.375,83404.515625,24258059104,53.25718245731427,-1055.3139981180138,-1394.508912570632,83180.144921875,82760.77756000683,89338.38350255581,77021.9063411942,4334.328683035715,44.00008488802951,,,,,,,0
2025-04-13,83684.9765625,86015.1875,83027.0078125,85279.46875,28796984817,50.497038229546085,-860.9086683464848,-1287.7888637257913,82989.448046875,82848.79664450369,88811.62558510074,77167.27050864925,4409.787946428572,39.40612142721907,,,,,,,1
2025-04-14,84542.390625,85785.0,83690.640625,83694.5234375,34090769777,51.932789724802,-630.3901361667085,-1156.3091182139638,82842.982421875,83010.09152796409,88328.01075440059,77357.95408934941,4375.772879464285,61.432858068711504,,,,,,,0
2025-04-15,83668.9921875,86429.3515625,83598.8203125,84539.6953125,28040322885,50.33141229792743,-512.2715146762494,-1027.5015975064123,82681.387890625,83072.84404869504,87844.00199371912,77518.77378753088,4359.524553571428,65.58928859650806,,,,,,,1
2025-04-16,84033.8671875,85428.28125,83100.6171875,83674.5078125,29617804112,51.0110331740589,-384.7844642511918,-898.9581708553612,82524.226171875,83164.37016347978,87286.43571002997,77762.01663372002,4088.3995535714284,60.50890983317462,,,,,,,1
2025-04-17,84895.75,85449.0703125,83749.75,84030.671875,21276866029,52.65886307306192,-211.76382652265602,-761.5193019888144,82551.35625,83329.26364679687,87363.35848773917,77739.35401226082,4022.1227678571427,81.70148728554723,,,,,,,0
2025-04-18,84450.8046875,85095.046875,84298.8828125,84900.1875,12728372364,51.6921845201884,-109.28658079123124,-631.0727577492934,82644.0171875,83436.07717627227,87530.56224816304,77757.47212683695,3862.8917410714284,72.40600402699532,,,,,,,1
2025-04-19,85063.4140625,85597.703125,84353.4609375,84450.8671875,15259300427,52.97223366241455,21.11544866571785,-500.6351164662876,82780.46171875,83591.0617690044,87781.66968119667,77779.25375630333,3821.1032366071427,79.02657750861889,,,,,,,1
2025-04-20,85174.3046875,85306.3828125,83976.84375,85066.0703125,14664050812,53.21390321329425,131.88744091245462,-374.1306049905365,82911.73125,83741.84692098439,88023.93792551318,77799.52457448682,3444.1434151785716,66.36151637018611,,,,,,,1
2025-04-21,87518.90625,88460.09375,85143.8359375,85171.5390625,41396190190,58.11491641075953,404.2022276963253,-218.4640384531615,83029.21796875,84101.56709909278,88458.06066632066,77600.37527117935,3203.7059151785716,132.39332307841815,,,,,,,1
2025-04-22,93441.890625,93817.3828125,87084.53125,87521.875,55899038456,67.40427823864836,1085.4294148591434,42.31465220930304,83577.026953125,84991.12226208308,90716.53954450942,76437.51436174057,3354.2047991071427,237.38545332780228,,,,,,,1
2025-04-23,93699.109375,94535.734375,91962.9609375,93427.5859375,41719568821,67.73889862969494,1627.3033064031042,359.3123830480667,84106.841015625,85820.45482481492,92551.55495752202,75662.12707372798,2898.59375,240.749429350251,,,,,,,1
2025-04-24,93943.796875,94016.1953125,91696.7109375,93692.3984375,31483175315,68.07465269106402,2052.8224705110333,698.0144005406629,84611.840625,86594.10683413823,94130.06347739417,75093.61777260582,2761.0714285714284,198.6026399688145,,,,,,,1
2025-04-25,94720.5,95768.390625,92898.59375,93954.25,40915232364,69.17144209690497,2424.7708077331918,1043.3656819791709,85172.62578125,87368.04938932402,95685.81087064272,74659.44069185728,2586.6886160714284,182.09044627280838,,,,,,,0
2025-04-26,94646.9296875,95251.359375,93927.25,94714.6484375,17612825123,68.92988078736505,2682.6817224080587,1371.22889006495,85994.248046875,88061.27636714872,96782.63340159685,75205.86269215315,2460.78125,148.65294510471793,,,,,,,0
2025-04-27,93754.84375,95301.203125,93665.3984375,94660.90625,18090367764,65.92359539556064,2783.0139233622613,1653.5858967244135,86720.2234375,88603.521079913,97547.59737754695,75892.84949745305,2364.183035714286,120.30032062263425,,,,,,,1
2025-04-28,94978.75,95598.4921875,92860.8046875,93755.3046875,32363449569,67.98651264726806,2927.5390524724935,1908.3765278740304,87655.56328125,89210.68594169902,97898.8339510781,77412.2926114219,2409.73046875,107.03362418311184,,,,,,,0
2025-04-29,94284.7890625,95485.4140625,93796.6328125,94981.859375,25806129921,65.56292936995345,2952.050451549687,2117.1113126091623,88241.105078125,89693.93400395341,98599.50883987069,77882.7013163793,2328.1768973214284,93.87291813690915,,,,,,,0
2025-04-30,94207.3125,95249.3203125,92979.640625,94286.46875,28344679831,65.28312395645517,2931.432475735797,2279.97554523449,88970.163671875,90123.77969249328,98815.3441667986,79124.98317695138,2324.03515625,78.58861165250211,,,,,,,1
2025-05-01,96492.3359375,97437.9609375,94153.6328125,94212.859375,32875889623,69.42728622397996,3064.1517780817085,2436.810791803934,89624.538671875,90730.30900867579,99650.31671107766,79598.76063267233,2437.25,95.23542566650367,,,,,,,1
2025-05-02,96910.0703125,97905.8984375,96375.9453125,96494.96875,26421924677,70.12928439277913,3166.538280312612,2582.75628950567,90205.68671875,91318.8578359616,100516.26470517663,79895.10873232338,2489.663504464286,99.55896653137414,,,,,,,0
2025-05-03,95891.796875,96943.8828125,95821.2890625,96904.6328125,15775154889,66.1424244208956,3129.440420671279,2692.0931157387918,90816.027734375,91754.37592784315,100944.93324107619,80687.12222767383,2480.9743303571427,80.79221957716786,,,,,,,0
2025-05-04,94315.9765625,96318.921875,94173.4296875,95877.1875,18198688416,60.41808359627407,2939.006280355359,2741.475748662105,91304.70703125,91998.3379377313,101096.64702765811,81512.76703484189,2539.2566964285716,57.665277912875524,,,,,,,1
2025-05-05,94748.0546875,95193.1875,93566.265625,94319.5625,25816260327,61.40441590738133,2790.780349235065,2751.336668776697,91858.66015625,92260.21576681963,101067.98201088546,82649.33830161454,2418.58984375,47.05513464476782,,,,,,,1
2025-05-06,96802.4765625,96889.1796875,93399.859375,94748.3828125,26551275827,65.77181026077977,2806.729782821203,2762.415291585598,92497.090625,92692.81209793371,101177.58550832266,83816.59574167733,2186.9090401785716,63.84210548918445,,,,,,,1
2025-05-07,97032.3203125,97625.8046875,95829.3359375,96800.1953125,76983822462,66.23218919981704,2805.575251855291,2771.047283639537,93103.919140625,93106.09865062147,101225.88832518146,84981.94995606855,2131.4587053571427,84.20612806534514,,,,,,,1
2025-05-08,103241.4609375,103969.5390625,96913.875,97034.25,69895404397,75.72939108072174,3268.012145003464,2870.4402559123228,94043.451953125,94071.37136784081,102297.05400116157,85789.84990508843,2469.757254464286,187.50340443315474,,,,,,,0
2025-05-09,102970.8515625,104297.4921875,102343.09375,103239.125,58198593958,74.74275298596926,3571.4909208453028,3010.650388898919,94938.823828125,94918.9410043055,102972.99839382304,86904.64926242694,2404.371651785714,234.20862336841464,,,,,,,1
2025-05-10,104696.328125,104961.765625,102830.484375,102973.7109375,42276713994,76.8167960984815,3906.202726362302,3189.760856391596,95914.925,95850.12082363873,103693.5786600421,88136.27133995791,2462.026785714286,220.5559957451397,,,,,,,0
2025-05-11,104106.359375,104937.9921875,103364.7421875,104701.0703125,46285517406,74.56226874376047,4076.863285491636,3367.1813422116043,96744.29765625,96636.42932857612,104287.2928289717,89201.3024835283,2457.55859375,182.30042896499108,,,,,,,0
2025-05-12,102812.953125,105747.453125,100814.40625,104106.9609375,63250475404,69.73043144109937,4060.934324356771,3505.931938640638,97212.85078125,97224.66973851818,105050.56705999485,89375.13450250516,2614.3699776785716,131.505439999717,,,,,,,1
2025-05-13,104169.8125,104997.421875,101515.09375,102812.4921875,52608876410,71.79533025562844,4110.415055218851,3626.828561956281,97736.3859375,97886.1119554957,105974.4578849446,89498.31399005541,2742.48046875,116.92667236745801,,,,,,,0
2025-05-14,103539.4140625,104303.5625,102618.296875,104167.328125,45956071155,69.42571479017496,4052.051597914018,3711.8731691478283,98216.166796875,98424.52171621942,106639.82145898286,89792.51213476714,2700.7366071428573,98.75705560741861,,,,,,,1
2025-05-15,103744.640625,104153.6171875,101440.8125,103538.828125,50408241840,69.77545421163741,3976.5193047796347,3764.80239627419,98667.373828125,98931.19973839405,107267.53148491915,90067.21617133085,2659.913504464286,80.59900364169091,,,,,,,0
2025-05-16,103489.2890625,104533.484375,103137.4765625,103735.65625,44386499364,68.72210025559212,3851.6552311626438,3782.1729632518804,99109.491796875,99365.30350747038,107748.45384651629,90470.5297472337,2650.3459821428573,80.81279298910235,,,,,,,0
2025-05-17,103191.0859375,103716.9453125,102659.1796875,103489.2890625,37898552742,67.44166305420478,3686.145503205087,3762.967471242522,99581.30390625,99729.66375706924,108017.25993223597,91145.34788026403,2645.715401785714,64.66239000851776,,,,,,,1
2025-05-18,106446.0078125,106597.171875,103142.6015625,103186.953125,49887082058,73.29128628972198,3774.1166184721515,3765.1973006884477,100154.666796875,100369.3156007285,108828.90195523952,91480.43163851048,2739.2209821428573,92.77118646804381,,,,,,,0
2025-05-19,105606.1796875,107068.71875,102112.6875,106430.53125,61761126647,69.80634772306914,3733.035258838834,3758.764892318525,100720.736328125,100868.06458173043,109258.652047073,92182.820609177,2977.0145089285716,78.52194693508956,,,,,,,1
2025-05-20,106791.0859375,107307.1171875,104206.515625,105605.40625,36515726122,71.84077312017605,3752.829551306073,3757.5778241160356,101349.925,101432.16187453998,109719.8323708296,92980.01762917041,2949.2488839285716,93.76824667787002,,,,,,,1
2025-05-21,109678.078125,110724.4609375,106127.234375,106791.3125,78086364051,76.07127572497326,3955.871589708404,3797.2365772345097,102009.212109375,102217.48725796583,110833.0039038581,93185.4203148919,3149.3030133928573,135.93311251366853,,,,,,,1
2025-05-22,111673.28125,111970.171875,109285.0703125,109673.4921875,70157575642,78.47776933372786,4229.030196531065,3883.595301093821,102747.37265625,103118.03909395447,112221.18196273976,93273.56334976022,2837.1199776785716,165.28498204322943,,,,,,,0
2025-05-23,107287.796875,111798.90625,106841.3046875,111679.359375,67548133399,63.38786668324258,4045.010545727695,3915.878350020596,103317.17265625,103515.158893487,112418.35985675451,94215.98545574548,3051.6344866071427,118.96499837251308,,,,,,,1
2025-05-24,107791.15625,109454.5234375,106895.2890625,107278.5078125,45903627163,64.23784671923322,3894.8925834026886,3911.681196697015,103990.931640625,103922.39674704189,112241.81503673496,95740.04824451504,3082.202566964286,103.04189040241683,,,,,,,1
2025-05-25,109035.390625,109313.3046875,106683.375,107802.2734375,47518041841,66.31933091567707,3832.1475910885347,3895.7744755753192,104705.2984375,104409.34855584509,112005.99066916146,97404.60620583853,3157.6796875,100.52615077492793,,,,,,,1
2025-05-26,109440.3671875,110376.8828125,108735.640625,109023.78125,45950461571,66.99272835778547,3771.622990405711,3870.9441785413974,105337.19296875,104888.49319713724,111909.1585811248,98765.2273563752,2922.55078125,116.7912590865555,,,,,,,0
2025-05-27,108994.640625,110744.2109375,107609.5546875,109440.40625,57450176272,65.44187827541667,3645.665468413077,3825.888436515734,105935.308984375,105279.55486410092,111410.74956183905,100459.86840691096,2897.7170758928573,94.74534945944448,,,,,,,0
2025-05-28,107802.328125,109298.2890625,106812.9296875,108992.171875,49155377493,61.35052748246316,3410.321593673463,3742.77506794728,106163.35234375,105519.81898817065,111545.50614671326,100781.19854078673,2954.866629464286,55.92339414499622,,,,,,,0
2025-05-29,105641.7578125,108910.046875,105374.3984375,107795.5703125,56022752042,54.67942117959575,3014.718266596523,3597.1637076771294,106296.89765625,105531.4322097096,111474.16203267213,101119.63327982787,3013.641183035714,14.395444650200975,,,,,,,0
2025-05-30,103998.5703125,106308.9453125,103685.7890625,105646.2109375,57655287183,50.207902587112066,2539.336499181809,3385.5982659780652,106262.009765625,105385.44536037467,111493.80442535342,101030.21510589658,3101.2946428571427,-44.75963709215118,,,,,,,1
2025-05-31,104638.09375,104927.1015625,103136.1171875,103994.71875,38997843858,51.85799891109814,2188.9641644830554,3146.2714456790636,106288.596484375,105314.26901565531,111479.511534311,101097.681434439,3153.667410714286,-57.768077778456906,,,,,,,1
2025-06-01,105652.1015625,105884.546875,103826.953125,104637.296875,37397056873,54.43632105373907,1970.399918812589,2911.097140305769,106430.55390625,105346.44354428376,111370.47903557491,101490.62877692509,3053.883370535714,-35.834121381704996,,,,,,,1
2025-06-02,105881.53125,105958.3125,103727.546875,105649.8125,45819706290,55.02326144291932,1795.0074956290919,2687.8792113704335,106516.13984375,105397.40427867383,111349.30512374987,101682.97456375013,2859.2215401785716,-37.52554249518809,,,,,,,0
2025-06-03,105432.46875,106813.578125,104920.84375,105888.4765625,46196508367,53.568712690336675,1601.313224877711,2470.566014071889,106610.792578125,105400.74375216383,111269.4986402529,101952.08651599709,2772.9453125,-25.264444463715677,,,,,,,0
2025-06-04,104731.984375,105997.6953125,104232.703125,105434.3671875,44544857105,51.290997369069906,1375.4308060790354,2251.5389724733186,106660.159765625,105337.05238238597,111210.6525367411,102109.6669945089,2570.6428571428573,-55.47255033595335,,,,,,,0
2025-06-05,101575.953125,105936.6875,100436.8828125,104750.78125,57479298400,42.51899484175722,931.0199305205315,1987.4351640827613,106564.49296875,104978.852450444,111462.82500737738,101666.16093012261,2771.6930803571427,-132.29953470359956,,,,,,,1
2025-06-06,104390.34375,105376.7734375,101169.5703125,101574.3671875,48856653697,50.62797613037023,796.7345441865182,1749.295040103513,106624.455859375,104922.8040024051,111376.0762694073,101872.83544934269,2718.093191964286,-100.04675094451643,,,,,,,1
2025-06-07,105615.625,105972.7578125,103987.3125,104390.6484375,38365033776,53.69095410130691,780.1887898105633,1555.4737900449231,106582.93671875,104988.78695495917,111355.58748153203,101810.28595596798,2677.1082589285716,-45.97160557651897,,,,,,,1
2025-06-08,105793.6484375,106497.0625,105075.328125,105617.5078125,36626232328,54.1361585027553,772.5358450414351,1398.8862010442256,106592.31015625,105065.44042990959,111357.61441356572,101827.00589893427,2590.80859375,-27.44823101866827,,,,,,,1
2025-06-09,110294.1015625,110561.421875,105400.234375,105793.0234375,55903193732,63.65010179025482,1116.7464883096254,1342.4582584973057,106767.4609375,105563.40815930757,111812.80864422806,101722.11323077194,2842.2332589285716,68.70092524626212,,,,,,,0
2025-06-10,110257.234375,110380.125,108367.7109375,110295.6875,54700101509,63.53383287113886,1370.7597628531948,1348.1185593684836,106796.41875,106010.43922948677,111918.17501073505,101674.66248926494,2762.0731026785716,95.84932456699188,,,,,,,0
2025-06-11,108686.625,110384.21875,108086.328125,110261.796875,50842662052,58.62101433918817,1428.8610814208369,1364.2670637789545,106647.0859375,106265.31406581473,111325.07302641241,101969.09884858759,2748.6824776785716,83.1397883840134,,,,,,,0
2025-06-12,105929.0546875,108780.6953125,105785.6875,108685.9140625,54843867968,51.14347070444753,1238.1216873901285,1339.0379885011894,106579.148828125,106233.28936299974,111257.42279173004,101900.87486451997,2710.0652901785716,9.976835856355034,,,,,,,1
2025-06-13,106090.96875,106182.546875,102822.0234375,105924.59375,69550440846,51.534385411216476,1087.4885601221758,1288.7281028253867,106494.139453125,106219.73501885921,111141.368406617,101846.910499633,2762.734375,-50.225764505217285,,,,,,,0
2025-06-14,105472.40625,106203.7578125,104379.3671875,106108.0859375,38007870453,49.89200390321952,907.7341163569654,1212.5293055317024,106315.990234375,106148.56085018112,110824.1288123439,101807.8516564061,2765.120535714286,-34.46263872699817,,,,,,,1
2025-06-15,105552.0234375,106157.1015625,104519.8828125,105464.84375,36744307742,50.11238665456773,762.9075414937397,1122.60495272411,106121.573046875,106091.74776310362,110391.46006366977,101851.68603008022,2735.09375,-27.27701943246131,,,,,,,1
2025-06-16,106796.7578125,108915.375,104997.625,105555.59375,50366626945,53.55187091179647,740.040351894364,1046.0920325581608,106011.67890625,106158.89157749811,110078.52857575819,101944.82923674182,2855.5926339285716,45.08236458987415,,,,,,,0
2025-06-17,104601.1171875,107750.1953125,103396.53125,106794.1171875,55964092176,47.35041518355284,538.540171297951,944.5816603061188,105851.618359375,106010.53211145161,109873.4636226387,101829.77309611131,3031.3733258928573,-28.412353389314678,,,,,,,1
2025-06-18,104883.328125,105581.8515625,103602.265625,104602.0703125,47318089133,48.18104010689588,397.0449988072651,835.0743280063481,105813.696875,105903.17935061958,109858.11266202448,101769.28108797551,3046.7014508928573,-53.11363463559703,,,,,,,0
2025-06-19,104684.2890625,105250.890625,103940.7734375,104886.7734375,37333806920,47.61053150547099,265.7844713264931,721.2163566703772,105847.9828125,105787.09456106195,109838.88134174373,101857.08428325628,2747.438058035714,-56.28304610412134,,,,,,,0
2025-06-20,103309.6015625,106539.3828125,102372.2109375,104681.03125,50951862476,43.756796122567636,50.254481124153244,587.0239815611325,105781.558203125,105551.14284652167,109899.44833325362,101663.66807299637,2744.578683035714,-84.2575311547705,,,,,,,0
2025-06-21,102257.40625,104015.78125,100973.0625,103315.078125,38360555118,41.019946044322545,-203.11654274875764,428.9958766991544,105611.8234375,105237.45364638201,110021.68155651563,101201.96531848438,2820.098214285714,-152.10750140564141,,,,,,,0
2025-06-22,100987.140625,103351.6328125,98286.203125,102212.03125,65536997201,37.93512563498445,-500.6436018097593,243.06798099737162,105367.10390625,104832.66192951008,110233.52433121347,100500.68348128654,3080.3621651785716,-193.9341408692263,,,,,,,1
2025-06-23,105577.7734375,106116.859375,99705.75,100987.4765625,65237759656,51.98755266501425,-361.83922770603385,122.0865392566905,105374.369140625,104903.62493035826,110241.6342376059,100507.1040436441,3169.6422991071427,-61.312041769669726,,,,,,,1
2025-06-24,106045.6328125,106316.828125,104740.2421875,105571.515625,48822986421,53.15174919739527,-211.64372721164546,55.3404859630233,105440.0515625,105012.38758592126,110306.27096092366,100573.83216407633,3138.51171875,17.435368328178352,,,,,,,1
2025-06-25,107361.2578125,108168.3984375,105881.390625,106047.40625,51624120283,56.35649469865628,13.392835111022578,46.950955792623155,105729.316796875,105236.08951248715,110307.68061777652,101150.95297597349,3137.734375,68.85197973395528,,,,,,,0
2025-06-26,106960.0,108305.546875,106666.3515625,107375.0703125,43891990613,55.11806824079474,157.5417400355218,69.0691126412029,105857.799609375,105400.27146382828,110422.15344564288,101293.44577310712,3040.890625,67.79164663666872,,,,,,,1
2025-06-27,107088.4296875,107772.46875,106449.9921875,106954.921875,45353692675,55.45546991925584,278.9286709169537,111.04102429635309,105931.43984375,105561.04843764371,110526.76108887444,101336.11859862557,2895.315848214286,53.29424699601693,,,,,,,1
2025-06-28,107327.703125,107567.8828125,106883.9765625,107090.546875,30037708335,56.117354472502946,389.9410552712361,166.8210304913297,106008.142578125,105729.30126513635,110644.80519102157,101371.47996522843,2813.8526785714284,53.98874800607142,,,,,,,1
2025-06-29,108385.5703125,108526.3046875,107230.109375,107327.8203125,35534874438,59.01680072713927,556.8610559403314,244.8290355811301,105912.716015625,105982.27926981772,110246.6490664407,101578.7829648093,2789.4938616071427,87.73478445648044,,,,,,,0
2025-06-30,107135.3359375,108798.7890625,106759.6484375,108383.4375,42064804590,54.43880078122991,581.5590503978165,312.17503854446744,105756.62109375,106092.09419061634,109632.36976107367,101880.87242642633,2655.3074776785716,78.17853035434547,,,,,,,0
2025-07-01,105698.28125,107550.6796875,105270.2265625,107144.3828125,44110692247,49.66948257241976,479.6450442164496,345.6690396788639,105607.20390625,106054.58819625124,109229.46700973308,101984.94080276691,2507.2209821428573,27.84403020149539,,,,,,,1
2025-07-02,108859.3203125,109763.65625,105157.3984375,105703.1015625,56248657737,58.31958144768627,646.4944917781395,405.8341300987191,105753.7171875,106321.70554078925,109656.94399885864,101850.49037614137,2694.840401785714,103.33015117187412,,,,,,,1
2025-07-03,109647.9765625,110541.4609375,108605.796875,108845.015625,50494742270,60.1593316604787,832.7622801393736,491.2197601068501,105931.567578125,106638.49325728575,110205.99594997286,101657.13920627715,2739.5223214285716,151.77947454231887,,,,,,,0
2025-07-04,108034.3359375,109751.984375,107296.3828125,109635.65625,42616442656,54.82691190583596,840.4849514831731,561.0727983821147,106059.6640625,106771.43065545573,110428.66097292124,101690.66715207876,2617.2672991071427,90.74520256744418,,,,,,,1
2025-07-05,108231.1796875,108381.34375,107842.2734375,108015.8359375,30615537520,55.34687518763939,852.6599358076346,619.3902258672188,106193.621875,106910.45437284467,110660.28255421479,101726.9611957852,2438.4352678571427,75.2096138604511,,,,,,,1
2025-07-06,109232.0703125,109731.625,107847.015625,108231.1875,36746020463,57.99445576406905,932.3249417090119,681.9771690355775,106315.3875,107131.5606528858,110979.68374205922,101651.09125794077,2211.233816964286,96.05828018948763,,,,,,,0
2025-07-07,108299.8515625,109710.25,107527.0546875,109235.328125,45415696597,54.739012121269006,909.7507336660055,727.5318819616632,106500.32421875,107242.82645383512,111171.73165733935,101828.91678016065,1909.239955357143,73.84283512628471,,,,,,,1
2025-07-08,108950.2734375,109198.96875,107499.5546875,108298.2265625,44282204127,56.57076900420533,933.5823621065356,768.7419779906378,106703.671484375,107405.44045232392,111432.42558802462,101974.91738072537,1918.013392857143,69.73392586183685,,,,,,,1
2025-07-09,111326.5546875,111925.375,108357.6796875,108950.2734375,57927418065,62.53621408615254,1131.1756407670036,841.2287105459112,107035.784765625,107778.8799033856,112089.23501237982,101982.33451887016,2009.4910714285713,131.89628237454951,,,,,,,1
2025-07-10,115987.203125,116608.78125,110660.75,111329.1953125,95911605728,70.96125084401083,1644.88390475919,1001.959749388567,107669.66484375,108560.62497228605,113817.14746837743,101522.18221912257,2317.265066964286,245.67392782994526,,,,,,,1
2025-07-11,117516.9921875,118856.4765625,115245.6875,115986.234375,86928361085,73.0996462967787,2150.6512245129998,1231.6980444134538,108432.644140625,109413.61232628896,115474.53969921023,101390.74858203976,2480.7159598214284,289.27488683473877,,,,,,,0
2025-07-12,117435.2265625,118219.8984375,116977.0234375,117530.7109375,45524560304,72.79110569234811,2515.8762117100123,1488.5336778727656,109255.0484375,110177.57558702069,116475.31790523286,102034.77896976713,2520.6422991071427,234.1968349159696,,,,,,,1
2025-07-13,119116.1171875,119449.5703125,117265.4375,117432.203125,49021091807,75.11633003341021,2907.438327752403,1772.3146078486934,109931.965625,111028.86526339817,118167.73320215876,101696.19804784123,2584.06640625,199.5895807777995,,,,,,,1
2025-07-14,119849.703125,123091.609375,118959.1953125,119115.7890625,181746419401,76.07719485960041,3239.604237245512,2065.772533728057,110622.169140625,111868.94505986742,119751.7934201879,101492.54486106211,2733.5859375,187.65301004426644,,,,,,,0
2025-07-15,117777.1875,119935.5625,115765.6875,119853.8515625,98321661181,68.07899094235123,3297.6007386024285,2312.1381747029313,111142.965625,112431.63481614701,120669.09426959782,101616.83698040218,2868.5446428571427,113.09634487633545,,,,,,,1
2025-07-16,118738.5078125,120065.515625,117064.8203125,117777.1875,72162029070,69.67171598645845,3382.1466161452845,2526.139862991402,111731.891015625,113032.28938730212,121618.69509098338,101845.08694026663,2753.8616071428573,107.1913895858045,,,,,,,1
2025-07-17,119289.84375,120999.609375,117508.21875,118738.5078125,72363841798,70.57841497149948,3453.824495746667,2711.676789542455,112341.96171875,113628.24694572062,122523.72499887632,102160.19843862367,2864.984933035714,101.2026815862105,,,,,,,0
2025-07-18,118003.2265625,120851.9140625,116925.984375,119284.109375,77945799785,65.64619349538273,3367.9864282154012,2842.9387172770444,112875.737890625,114044.91167117012,123069.99047098012,102681.48531026987,2970.008370535714,81.21549024814082,,,,,,,0
2025-07-19,117939.9765625,118541.3984375,117388.4140625,117998.125,47564562765,65.40421749855722,3257.307185235215,2925.812410868679,113353.458203125,114415.87023228295,123557.21196492045,103149.70444132955,3013.859375,65.12735544879635,,,,,,,0
2025-07-20,117300.7890625,118865.03125,116550.1328125,117944.109375,57515447231,62.881670667695445,3082.4830533374043,2957.1465393624244,113861.730859375,114690.62440661198,123769.76439936266,103953.69731938736,3044.594308035714,54.212218450700696,,,,,,,1
2025-07-21,117439.5390625,119671.5625,116584.3984375,117306.46875,69820091744,63.21334600001647,2921.4529434655997,2950.0078201830597,114448.79375,114952.42580243037,123689.08659398995,105208.50090601004,3109.163504464286,53.83407632674234,,,,,,,1
2025-07-22,119995.4140625,120269.96875,116233.2265625,117426.5,79217583118,68.75236881302489,2965.8843024104863,2953.1831166285456,115005.5984375,115432.71039865987,124169.50315150378,105841.69372349621,3276.1155133928573,62.74244508926594,,,,,,,0
2025-07-23,118754.9609375,120113.3515625,117391.390625,119997.4453125,66608604537,63.73638929999616,2867.942420427047,2936.134977388246,115460.94765625,115749.11521190204,124406.3752964702,106515.52001602981,3215.7059151785716,57.0336696152658,,,,,,,0
2025-07-24,118368.0,119535.453125,117247.96875,118770.984375,72627318560,62.2115963138941,2727.6555447426945,2894.4390908591363,115977.630859375,115998.53281078229,124288.12353557876,107667.13818317124,2954.23828125,47.186139481419644,,,,,,,0
2025-07-25,117635.8828125,118486.9765625,114759.8203125,118368.0,104857024569,59.32009479606142,2528.2572711578687,2821.202726918883,116447.866015625,116154.47090619175,123936.45722898985,108959.27480226014,2962.550223214286,14.890940856800615,,,,,,,1
2025-07-26,117947.3671875,118335.6875,117181.2265625,117644.84375,48508954046,60.168338889846694,2368.0692599899776,2730.576033533102,116883.630859375,116325.22293299074,123576.25395253087,110191.00776621913,2956.234933035714,29.376437336058377,,,,,,,1
2025-07-27,119448.4921875,119815.59375,117859.6875,117944.7265625,54683390892,64.05797302745543,2335.3271502425196,2651.526256874986,117441.062890625,116622.67714771809,122859.17783945981,112022.9479417902,2939.933035714286,64.2038582070953,,,,,,,0
2025-07-28,117924.4765625,119819.7890625,117441.4375,119457.5234375,64822943193,57.878456207400646,2161.4871903650055,2553.51844357299,117889.773046875,116746.65804436857,121547.61891133388,114231.92718241611,2814.6428571428573,35.53377140482596,,,,,,,0
2025-07-29,117922.1484375,119273.8671875,116987.3671875,117938.5859375,68463107433,57.86927222790934,2000.4697395568219,2442.9087027697565,118219.552734375,116858.60951038483,120182.59778230656,116256.50768644344,2680.1160714285716,-4.942380040618563,,,,,,,0
2025-07-30,117831.1875,118780.7265625,115800.828125,117921.9921875,68896148592,57.48547186249155,1844.26294705912,2323.1795516276293,118311.751953125,116951.23598558908,119985.1834540283,116638.3204522217,2678.6305803571427,-83.40650106637261,,,,,,,0
2025-07-31,115758.203125,118919.984375,115505.21875,117833.6328125,69370346018,49.43824582891426,1535.4951925787464,2165.6426798178527,118223.8125,116837.61380838702,120225.71019328306,116221.91480671694,2673.1573660714284,-152.53812153245786,,,,,,,0
2025-08-01,113320.0859375,116060.7734375,112724.4453125,115738.953125,91294530181,41.99257493266135,1081.5909360018268,1948.8323310546475,118018.05546875,116502.61115400851,120977.92817508242,115058.18276241758,2631.04296875,-320.43675102838625,,,,,,,0
2025-08-02,112526.9140625,114021.6015625,112005.765625,113320.390625,56870866000,39.88792605037042,650.3691506354371,1689.1396949708053,117688.5953125,116123.97333576111,121483.05207531534,113894.13854968465,2692.675223214286,-296.505744370916,,,,,,,1
2025-08-03,114217.671875,114747.421875,111943.8046875,112525.8046875,48099615826,46.09049078122632,439.98097660249914,1439.3079512971442,117406.99375,115942.42081568495,121358.83459552862,113455.15290447137,2727.5837053571427,-195.34542730922539,,,,,,,1
2025-08-04,115071.8828125,115729.46875,114130.40625,114223.921875,35783028986,48.956130521475814,338.27509159869805,1219.101379357455,117271.728515625,115859.51243442773,121353.28484495581,113190.17218629419,2621.2907366071427,-105.96507680661769,,,,,,,0
2025-08-05,114141.4453125,115117.4375,112701.109375,115072.1875,61039182286,46.0826988140864,180.5130727456417,1011.3837180350923,117041.875390625,115695.88699424142,121290.00357470317,112793.74720654685,2505.546875,-126.11317170006875,,,,,,,1
2025-08-06,115028.0,115737.8359375,113372.25,114140.9140625,56379133510,49.14554912982271,125.57553333457327,834.2220810949885,116828.783203125,115632.27870907461,121029.42184658583,112628.14455966417,2480.0915178571427,-83.62473187737368,,,,,,,1
2025-08-07,117496.8984375,117676.90625,114279.7109375,115030.0546875,64051649681,56.54820742398468,278.0514036942768,722.9879456148462,116803.466796875,115809.86154035565,120980.33860960667,112626.59498414333,2559.3565848214284,-9.89004559530424,,,,,,,0
2025-08-08,116688.7265625,117689.203125,115917.4609375,117505.5,59713005166,53.78807495318696,329.8743276746245,644.3652220268019,116740.904296875,115893.5629710371,120883.44243851211,112598.36615523789,2419.684151785714,4.031444692244028,,,,,,,0
2025-08-09,116500.359375,117906.609375,116363.8359375,116678.2734375,54004312429,53.13705430469593,351.69063978572376,585.8303055785863,116700.8828125,115951.3531047485,120836.10538616462,112565.66023883538,2447.4207589285716,12.160280512483164,,,,,,,1
2025-08-10,119306.7578125,119320.7109375,116485.1640625,116497.71875,64755458694,60.75770300949362,588.6475607691682,586.3937566167027,116794.24375,116270.9154578709,121081.21196841888,112507.27553158111,2510.2522321428573,71.6014782492692,,,,,,,0
2025-08-11,118731.4453125,122321.09375,118159.03125,119306.8125,90528784177,58.65205976969633,721.6954612594855,613.4540975452593,116731.0453125,116505.25163450438,120853.4190813071,112608.67154369291,2637.66015625,124.40629713146093,,,,,,,1
2025-08-12,120172.90625,120302.46875,118228.71875,118717.6640625,72803657984,62.187939904517656,932.699156201852,677.3031092765779,116801.942578125,116854.55207407827,121115.22634090675,112488.65881534325,2622.4637276785716,113.67575527775877,,,,,,,1
2025-08-13,123344.0625,123682.453125,118939.6328125,120168.9765625,90904808795,68.5581187341909,1340.3561198824464,809.9137113977516,117050.745703125,117472.60068607543,122231.2703099721,111870.22109627789,2748.38671875,185.88763946751968,,,,,,,0
2025-08-14,118359.578125,124457.1171875,117254.8828125,123339.3984375,104055627395,53.34543526133451,1246.8480810227484,897.300585322751,117086.93046875,117557.07472787832,122294.70173336723,111879.15920413277,3018.9202008928573,99.7136120217527,,,,,,,0
2025-08-15,117398.3515625,119332.3125,116864.5703125,118365.78125,68665353159,50.995432230395274,1082.6986602191319,934.3802003020271,117059.4796875,117541.95823593743,122253.92506450064,111865.03431049937,2956.878348214286,26.51459171484921,,,,,,,1
2025-08-16,117491.3515625,117996.0625,117271.953125,117398.421875,48036922378,51.21933565615816,949.1719212805474,937.3385444977313,116961.62265625,117537.13855275289,122038.98958263622,111884.25572986377,2864.6121651785716,20.300347592561593,,,,,,,0
2025-08-17,117453.0625,118595.7734375,117279.5234375,117492.7890625,45852169525,51.11578432833052,830.6857827008789,916.0079921383608,116938.051953125,117529.13130963354,122000.95469268879,111875.14921356122,2758.371651785714,28.51307281828561,,,,,,,0
2025-08-18,116252.3125,117614.171875,114723.6796875,117453.90625,72787808090,47.84874172031653,632.6019331811549,859.3267803469196,116854.56015625,117407.5295182393,121904.18859110476,111804.93172139523,2850.616629464286,-24.816894532970608,,,,,,,0
2025-08-19,112831.1796875,116764.5,112730.3984375,116241.859375,71657600353,40.00359887493944,197.2880159602937,726.9190274695944,116604.559765625,116971.68667721473,121937.7297588585,111271.3897723915,2966.171875,-89.34575708172956,,,,,,,1
2025-08-20,114274.7421875,114625.796875,112387.9609375,112828.0234375,67993811526,44.163641332654,-30.86221013154136,575.3627799493673,116530.38671875,116714.83482105046,121953.62197197207,111107.15146552793,2957.046875,-89.3615972770687,,,,,,,0
2025-08-21,112419.03125,114802.6484375,111986.234375,114275.6875,57817883700,40.29561216699701,-357.2946019012743,388.831303579239,116485.333984375,116305.71067142524,122034.37184527036,110936.29612347964,2915.5625,-107.43813628942067,,,,,,,1
2025-08-22,116874.0859375,117377.3984375,111678.9453125,112433.734375,82528088240,51.318930976763205,-253.5857649729296,260.3478898688053,116702.692578125,116359.84164914682,121930.11612083072,111475.26903541929,3196.0418526785716,-44.01609131027064,,,,,,,0
2025-08-23,115374.328125,116996.25,114536.109375,116866.3671875,55377142586,48.099358686354115,-289.0813361550099,150.4620446640422,116760.525390625,116265.98321827543,121896.99206051629,111624.05872073371,3261.5680803571427,-38.47373937830491,,,,,,,0
2025-08-24,113458.4296875,115615.0859375,111060.546875,115387.390625,73961489632,44.27778287126505,-466.43208521707857,27.083218687818007,116679.852734375,115998.59716772473,121976.18289419034,111383.52257455967,3384.3532366071427,-109.5927985474336,,,,,,,0
2025-08-25,110124.3515625,113637.84375,109324.28125,113456.8984375,85706860190,38.53932416681652,-866.0329828086979,-151.54002161148523,116478.998046875,115439.14520532111,122443.22506757476,110514.77102617524,3395.1746651785716,-170.42807207114882,,,,,,,1
2025-08-26,111802.65625,112397.015625,108762.0390625,110124.1015625,69396320317,42.57390480293112,-1035.359432093901,-328.3039037079684,116317.730859375,115092.81292386126,122612.41790794801,110023.043810802,3506.690848214286,-151.66429326279817,,,,,,,0
2025-08-27,111222.0625,112619.4140625,110398.265625,111795.7109375,62137056409,41.557568519859956,-1202.538807620018,-503.1508844903784,116003.9890625,114724.17002635,122666.00038336447,109341.97774163552,3326.5714285714284,-119.6223538310434,,,,,,,1
2025-08-28,112544.8046875,113450.078125,110900.921875,111219.0546875,58860155962,44.79119480142709,-1214.2977586689667,-645.3802593260962,115796.79296875,114516.61142264964,122624.82901462397,108968.75692287603,2994.2087053571427,-86.06067051755016,,,,,,,0
2025-08-29,108410.8359375,112619.0546875,107559.625,112550.5234375,77843379644,37.75943940560285,-1539.4477456092573,-824.1937565827285,115392.316796875,113935.10899549165,122962.8997302116,107821.73386353841,3179.3292410714284,-132.57030062743857,,,,,,,1
2025-08-30,108808.0703125,108929.3515625,107444.4453125,108409.40625,51486264208,38.754410005133856,-1744.9631100889674,-1008.3476272839765,114867.382421875,113446.81959711082,122744.84567380373,106989.91916994625,3233.671875,-137.87911948817225,,,,,,,0
