date,proba_rfc_cal,proba_sgd_cal,y_true,month
2021-01-02,0.600000,0.604499,1,2021-01
2021-01-03,0.600000,0.561633,0,2021-01
2021-01-04,0.600000,0.533298,1,2021-01
2021-01-05,0.600000,0.570351,1,2021-01
2021-01-06,0.600000,0.570963,1,2021-01
2021-01-07,0.600000,0.549062,1,2021-01
2021-01-08,0.600000,0.507913,0,2021-01
2021-01-09,0.600000,0.454988,0,2021-01
2021-01-10,0.600000,0.422941,0,2021-01
2021-01-11,0.600000,0.404666,0,2021-01
2021-01-12,0.600000,0.424520,1,2021-01
2021-01-13,0.600000,0.514166,1,2021-01
2021-01-14,0.600000,0.494962,0,2021-01
2021-01-15,0.600000,0.427872,0,2021-01
2021-01-16,0.600000,0.459176,0,2021-01
2021-01-17,0.600000,0.470931,1,2021-01
2021-01-18,0.600000,0.501708,0,2021-01
2021-01-19,0.600000,0.487631,0,2021-01
2021-01-20,0.600000,0.499136,0,2021-01
2021-01-21,0.693548,0.432478,1,2021-01
2021-01-22,0.693548,0.553485,0,2021-01
2021-01-23,0.693548,0.508567,1,2021-01
2021-01-24,0.693548,0.534393,1,2021-01
2021-01-25,0.693548,0.537117,1,2021-01
2021-01-26,0.693548,0.544355,0,2021-01
2021-01-27,0.693548,0.509273,1,2021-01
2021-01-28,0.693548,0.608425,1,2021-01
2021-01-29,0.693548,0.576542,0,2021-01
2021-01-30,0.693548,0.583074,0,2021-01
2021-01-31,0.693548,0.566239,1,2021-01
2021-02-02,0.615385,0.644055,1,2021-02
2021-02-03,0.564103,0.646410,0,2021-02
2021-02-04,0.564103,0.642293,1,2021-02
2021-02-05,0.564103,0.643605,1,2021-02
2021-02-06,0.615385,0.642997,0,2021-02
2021-02-07,0.564103,0.639373,1,2021-02
2021-02-08,0.564103,0.651118,1,2021-02
2021-02-09,0.564103,0.639273,0,2021-02
2021-02-10,0.564103,0.631827,1,2021-02
2021-02-11,0.564103,0.635206,0,2021-02
2021-02-12,0.564103,0.626595,0,2021-02
2021-02-13,0.416667,0.622745,1,2021-02
2021-02-14,0.416667,0.623717,0,2021-02
2021-02-15,0.564103,0.618375,1,2021-02
2021-02-16,0.564103,0.620970,1,2021-02
2021-02-17,0.416667,0.624404,0,2021-02
2021-02-18,0.500000,0.618546,1,2021-02
2021-02-19,0.333333,0.626595,1,2021-02
2021-02-20,0.500000,0.620933,1,2021-02
2021-02-21,0.333333,0.622310,0,2021-02
2021-02-22,0.564103,0.613438,0,2021-02
2021-02-23,0.615385,0.607477,1,2021-02
2021-02-24,0.615385,0.618339,0,2021-02
2021-02-25,0.615385,0.616138,0,2021-02
2021-02-26,0.615385,0.622442,0,2021-02
2021-02-27,0.615385,0.629367,0,2021-02
2021-02-28,0.714286,0.631587,1,2021-02
2021-03-02,0.555556,0.441381,1,2021-03
2021-03-03,0.553191,0.475172,0,2021-03
2021-03-04,0.555556,0.431707,1,2021-03
2021-03-05,0.555556,0.448908,0,2021-03
2021-03-06,0.571429,0.442915,1,2021-03
2021-03-07,0.553191,0.469526,1,2021-03
2021-03-08,0.553191,0.464026,1,2021-03
2021-03-09,0.553191,0.487771,1,2021-03
2021-03-10,0.553191,0.481998,1,2021-03
2021-03-11,0.553191,0.496899,0,2021-03
2021-03-12,0.553191,0.477297,1,2021-03
2021-03-13,0.553191,0.528718,0,2021-03
2021-03-14,0.553191,0.471014,0,2021-03
2021-03-15,0.553191,0.439618,1,2021-03
2021-03-16,0.553191,0.470124,1,2021-03
2021-03-17,0.553191,0.481105,0,2021-03
2021-03-18,0.553191,0.447317,1,2021-03
2021-03-19,0.553191,0.456767,0,2021-03
2021-03-20,0.553191,0.449729,0,2021-03
2021-03-21,0.553191,0.435319,0,2021-03
2021-03-22,0.555556,0.401070,1,2021-03
2021-03-23,0.555556,0.420329,0,2021-03
2021-03-24,0.571429,0.390407,0,2021-03
2021-03-25,0.833333,0.387143,1,2021-03
2021-03-26,0.567460,0.434647,1,2021-03
2021-03-27,0.559524,0.417737,0,2021-03
2021-03-28,0.571429,0.411119,1,2021-03
2021-03-29,0.555556,0.432613,1,2021-03
2021-03-30,0.553191,0.432737,1,2021-03
2021-03-31,0.553191,0.423988,1,2021-03
2021-04-02,0.692308,0.522255,0,2021-04
2021-04-03,0.560976,0.502019,1,2021-04
2021-04-04,0.560976,0.527103,1,2021-04
2021-04-05,0.692308,0.512776,0,2021-04
2021-04-06,0.560976,0.498151,0,2021-04
2021-04-07,0.424242,0.479389,1,2021-04
2021-04-08,0.424242,0.521037,0,2021-04
2021-04-09,0.424242,0.495550,1,2021-04
2021-04-10,0.692308,0.510907,1,2021-04
2021-04-11,0.692308,0.502640,0,2021-04
2021-04-12,0.692308,0.494065,1,2021-04
2021-04-13,0.692308,0.534820,0,2021-04
2021-04-14,0.692308,0.506089,1,2021-04
2021-04-15,0.692308,0.511920,0,2021-04
2021-04-16,0.692308,0.493701,0,2021-04
2021-04-17,0.560976,0.498682,0,2021-04
2021-04-18,0.560976,0.463391,0,2021-04
2021-04-19,0.424242,0.494476,1,2021-04
2021-04-20,0.560976,0.506485,0,2021-04
2021-04-21,0.424242,0.465852,0,2021-04
2021-04-22,0.424242,0.462662,0,2021-04
2021-04-23,0.424242,0.477087,0,2021-04
2021-04-24,0.424242,0.465428,0,2021-04
2021-04-25,0.424242,0.464544,1,2021-04
2021-04-26,0.424242,0.538359,1,2021-04
2021-04-27,0.424242,0.513174,0,2021-04
2021-04-28,0.424242,0.510143,0,2021-04
2021-04-29,0.424242,0.508094,1,2021-04
2021-04-30,0.424242,0.571199,1,2021-04
2021-05-02,0.545455,0.521557,1,2021-05
2021-05-03,0.545455,0.505077,0,2021-05
2021-05-04,0.545455,0.512866,1,2021-05
2021-05-05,0.545455,0.475327,0,2021-05
2021-05-06,0.545455,0.477621,1,2021-05
2021-05-07,0.545455,0.469398,1,2021-05
2021-05-08,0.545455,0.464599,0,2021-05
2021-05-09,0.545455,0.471490,0,2021-05
2021-05-10,0.545455,0.484555,1,2021-05
2021-05-11,0.545455,0.487510,0,2021-05
2021-05-12,0.545455,0.522817,1,2021-05
2021-05-13,0.545455,0.511108,1,2021-05
2021-05-14,0.545455,0.537303,0,2021-05
2021-05-15,0.545455,0.554984,0,2021-05
2021-05-16,0.545455,0.554124,0,2021-05
2021-05-17,0.545455,0.573732,0,2021-05
2021-05-18,0.545455,0.596354,0,2021-05
2021-05-19,0.545455,0.601115,1,2021-05
2021-05-20,0.545455,0.591378,0,2021-05
2021-05-21,0.545455,0.608587,1,2021-05
2021-05-22,0.545455,0.617544,0,2021-05
2021-05-23,0.545455,0.616456,1,2021-05
2021-05-24,0.545455,0.594226,0,2021-05
2021-05-25,0.545455,0.587826,1,2021-05
2021-05-26,0.545455,0.583983,0,2021-05
2021-05-27,0.545455,0.581675,0,2021-05
2021-05-28,0.545455,0.574745,0,2021-05
2021-05-29,0.750000,0.571831,1,2021-05
2021-05-30,0.750000,0.561577,1,2021-05
2021-05-31,0.750000,0.523290,0,2021-05
2021-06-02,0.244565,0.506640,1,2021-06
2021-06-03,0.478261,0.515057,0,2021-06
2021-06-04,0.244565,0.536942,0,2021-06
2021-06-05,0.478261,0.539889,1,2021-06
2021-06-06,0.478261,0.559958,0,2021-06
2021-06-07,0.512195,0.571943,0,2021-06
2021-06-08,0.512195,0.559739,1,2021-06
2021-06-09,0.478261,0.538294,0,2021-06
2021-06-10,0.478261,0.555410,1,2021-06
2021-06-11,0.478261,0.564116,0,2021-06
2021-06-12,0.478261,0.574483,1,2021-06
2021-06-13,0.478261,0.553761,1,2021-06
2021-06-14,0.500000,0.557411,1,2021-06
2021-06-15,0.500000,0.558133,0,2021-06
2021-06-16,0.500000,0.567622,0,2021-06
2021-06-17,0.500000,0.567550,0,2021-06
2021-06-18,0.478261,0.577183,0,2021-06
2021-06-19,0.478261,0.582836,1,2021-06
2021-06-20,0.478261,0.573495,0,2021-06
2021-06-21,0.512195,0.575590,1,2021-06
2021-06-22,0.512195,0.559395,1,2021-06
2021-06-23,0.500000,0.573772,1,2021-06
2021-06-24,0.478261,0.580805,0,2021-06
2021-06-25,0.500000,0.580133,1,2021-06
2021-06-26,0.512195,0.576558,1,2021-06
2021-06-27,0.478261,0.580877,0,2021-06
2021-06-28,0.478261,0.589126,1,2021-06
2021-06-29,0.478261,0.580077,0,2021-06
2021-06-30,0.478261,0.587562,0,2021-06
2021-07-02,0.431818,0.463360,1,2021-07
2021-07-03,0.431818,0.454914,1,2021-07
2021-07-04,0.431818,0.454536,0,2021-07
2021-07-05,0.431818,0.452297,1,2021-07
2021-07-06,0.431818,0.457093,0,2021-07
2021-07-07,0.431818,0.454109,0,2021-07
2021-07-08,0.431818,0.456079,1,2021-07
2021-07-09,0.431818,0.457431,0,2021-07
2021-07-10,0.431818,0.451301,1,2021-07
2021-07-11,0.431818,0.450309,0,2021-07
2021-07-12,0.431818,0.449318,0,2021-07
2021-07-13,0.431818,0.448166,1,2021-07
2021-07-14,0.431818,0.450327,0,2021-07
2021-07-15,0.431818,0.448538,0,2021-07
2021-07-16,0.431818,0.452078,1,2021-07
2021-07-17,0.431818,0.450267,1,2021-07
2021-07-18,0.431818,0.449847,0,2021-07
2021-07-19,0.444444,0.450203,0,2021-07
2021-07-20,0.431818,0.454036,1,2021-07
2021-07-21,0.431818,0.459236,1,2021-07
2021-07-22,0.333333,0.447907,1,2021-07
2021-07-23,0.431818,0.450393,1,2021-07
2021-07-24,0.431818,0.447207,1,2021-07
2021-07-25,0.431818,0.444884,1,2021-07
2021-07-26,0.444444,0.461605,1,2021-07
2021-07-27,0.431818,0.447426,1,2021-07
2021-07-28,0.431818,0.440517,1,2021-07
2021-07-29,0.431818,0.427462,1,2021-07
2021-07-30,0.444444,0.430964,0,2021-07
2021-07-31,0.444444,0.415447,0,2021-07
2021-08-02,0.516854,0.522923,0,2021-08
2021-08-03,0.516854,0.522245,1,2021-08
2021-08-04,0.516854,0.522422,1,2021-08
2021-08-05,0.516854,0.523875,1,2021-08
2021-08-06,0.516854,0.525244,1,2021-08
2021-08-07,0.516854,0.526741,0,2021-08
2021-08-08,0.516854,0.526689,1,2021-08
2021-08-09,0.516854,0.528432,0,2021-08
2021-08-10,0.516854,0.528231,1,2021-08
2021-08-11,0.516854,0.528561,0,2021-08
2021-08-12,0.516854,0.528014,1,2021-08
2021-08-13,0.516854,0.529092,0,2021-08
2021-08-14,0.516854,0.529116,0,2021-08
2021-08-15,0.516854,0.529098,0,2021-08
2021-08-16,0.516854,0.528662,0,2021-08
2021-08-17,0.516854,0.527637,1,2021-08
2021-08-18,0.000000,0.526770,1,2021-08
2021-08-19,0.516854,0.527505,1,2021-08
2021-08-20,0.516854,0.528318,0,2021-08
2021-08-21,0.516854,0.529074,1,2021-08
2021-08-22,0.516854,0.527789,1,2021-08
2021-08-23,0.516854,0.528848,0,2021-08
2021-08-24,0.516854,0.528038,1,2021-08
2021-08-25,0.516854,0.527789,0,2021-08
2021-08-26,0.516854,0.526561,1,2021-08
2021-08-27,0.516854,0.526985,0,2021-08
2021-08-28,0.516854,0.526099,0,2021-08
2021-08-29,0.516854,0.525501,0,2021-08
2021-08-30,0.516854,0.524921,1,2021-08
2021-08-31,0.516854,0.524504,1,2021-08
2021-09-02,0.666667,0.379576,1,2021-09
2021-09-03,0.666667,0.376341,0,2021-09
2021-09-04,0.666667,0.395907,1,2021-09
2021-09-05,0.518519,0.384636,1,2021-09
2021-09-06,0.518519,0.378275,0,2021-09
2021-09-07,0.666667,0.497851,0,2021-09
2021-09-08,0.666667,0.373693,1,2021-09
2021-09-09,0.666667,0.354900,0,2021-09
2021-09-10,0.666667,0.410404,1,2021-09
2021-09-11,0.666667,0.372174,1,2021-09
2021-09-12,0.666667,0.389144,0,2021-09
2021-09-13,0.518519,0.410202,1,2021-09
2021-09-14,0.518519,0.347236,1,2021-09
2021-09-15,0.518519,0.383841,0,2021-09
2021-09-16,0.518519,0.409940,0,2021-09
2021-09-17,0.518519,0.416229,1,2021-09
2021-09-18,0.518519,0.387031,0,2021-09
2021-09-19,0.518519,0.431660,0,2021-09
2021-09-20,0.518519,0.484624,0,2021-09
2021-09-21,0.518519,0.432085,1,2021-09
2021-09-22,0.518519,0.349712,1,2021-09
2021-09-23,0.518519,0.385851,0,2021-09
2021-09-24,0.518519,0.465553,0,2021-09
2021-09-25,0.518519,0.429154,1,2021-09
2021-09-26,0.518519,0.433804,0,2021-09
2021-09-27,0.518519,0.446556,0,2021-09
2021-09-28,0.518519,0.457911,1,2021-09
2021-09-29,0.518519,0.420787,1,2021-09
2021-09-30,0.518519,0.396882,1,2021-09
2021-10-02,0.500000,0.523079,1,2021-10
2021-10-03,0.503273,0.523282,1,2021-10
2021-10-04,0.510638,0.518889,1,2021-10
2021-10-05,0.510638,0.504534,1,2021-10
2021-10-06,0.510638,0.486494,0,2021-10
2021-10-07,0.510638,0.509523,1,2021-10
2021-10-08,0.538462,0.499654,1,2021-10
2021-10-09,0.625000,0.498232,0,2021-10
2021-10-10,0.625000,0.496880,1,2021-10
2021-10-11,0.510638,0.480945,0,2021-10
2021-10-12,0.625000,0.503215,1,2021-10
2021-10-13,0.538462,0.488252,0,2021-10
2021-10-14,0.510638,0.488109,1,2021-10
2021-10-15,0.500000,0.458562,0,2021-10
2021-10-16,0.500000,0.484814,1,2021-10
2021-10-17,0.500000,0.486818,1,2021-10
2021-10-18,0.500000,0.477580,1,2021-10
2021-10-19,0.500000,0.461199,1,2021-10
2021-10-20,0.500000,0.457814,0,2021-10
2021-10-21,0.500000,0.479181,0,2021-10
2021-10-22,0.500000,0.474465,1,2021-10
2021-10-23,0.500000,0.472627,0,2021-10
2021-10-24,0.500000,0.478655,1,2021-10
2021-10-25,0.500000,0.459548,0,2021-10
2021-10-26,0.500000,0.480459,0,2021-10
2021-10-27,0.500000,0.470322,1,2021-10
2021-10-28,0.500000,0.449561,1,2021-10
2021-10-29,0.500000,0.453807,0,2021-10
2021-10-30,0.500000,0.465991,0,2021-10
2021-10-31,0.500000,0.469086,0,2021-10
2021-11-02,0.000000,0.544255,0,2021-11
2021-11-03,0.333333,0.537560,0,2021-11
2021-11-04,0.500000,0.535793,0,2021-11
2021-11-05,0.500000,0.542351,1,2021-11
2021-11-06,0.500000,0.545473,1,2021-11
2021-11-07,0.000000,0.551993,1,2021-11
2021-11-08,0.523148,0.559788,0,2021-11
2021-11-09,0.555556,0.547877,0,2021-11
2021-11-10,0.509259,0.539007,0,2021-11
2021-11-11,0.500000,0.547792,0,2021-11
2021-11-12,0.555556,0.543190,1,2021-11
2021-11-13,0.555556,0.548870,1,2021-11
2021-11-14,0.500000,0.551440,0,2021-11
2021-11-15,0.555556,0.543461,0,2021-11
2021-11-16,0.555556,0.535325,1,2021-11
2021-11-17,0.555556,0.550791,0,2021-11
2021-11-18,0.555556,0.541547,1,2021-11
2021-11-19,0.555556,0.559780,1,2021-11
2021-11-20,0.555556,0.566173,0,2021-11
2021-11-21,0.555556,0.563410,0,2021-11
2021-11-22,0.555556,0.559522,1,2021-11
2021-11-23,0.555556,0.574892,0,2021-11
2021-11-24,0.555556,0.571117,1,2021-11
2021-11-25,0.555556,0.580134,0,2021-11
2021-11-26,0.555556,0.561365,1,2021-11
2021-11-27,0.555556,0.586721,1,2021-11
2021-11-28,0.555556,0.591027,1,2021-11
2021-11-29,0.555556,0.590601,0,2021-11
2021-11-30,0.555556,0.586346,1,2021-11
2021-12-02,0.555556,0.597876,0,2021-12
2021-12-03,0.555556,0.624204,0,2021-12
2021-12-04,0.555556,0.667533,1,2021-12
2021-12-05,0.555556,0.621613,1,2021-12
2021-12-06,0.555556,0.626097,1,2021-12
2021-12-07,0.555556,0.631259,0,2021-12
2021-12-08,0.555556,0.641985,0,2021-12
2021-12-09,0.428571,0.669148,0,2021-12
2021-12-10,0.428571,0.650407,1,2021-12
2021-12-11,0.555556,0.638827,1,2021-12
2021-12-12,0.555556,0.647546,0,2021-12
2021-12-13,0.555556,0.685298,0,2021-12
2021-12-14,0.428571,0.652001,1,2021-12
2021-12-15,0.428571,0.653233,0,2021-12
2021-12-16,0.555556,0.663331,0,2021-12
2021-12-17,0.428571,0.665532,1,2021-12
2021-12-18,0.555556,0.648969,0,2021-12
2021-12-19,0.555556,0.651208,1,2021-12
2021-12-20,0.555556,0.647495,1,2021-12
2021-12-21,0.555556,0.629622,0,2021-12
2021-12-22,0.555556,0.639618,1,2021-12
2021-12-23,0.555556,0.614825,1,2021-12
2021-12-24,0.555556,0.619100,0,2021-12
2021-12-25,0.555556,0.616164,1,2021-12
2021-12-26,0.555556,0.603932,0,2021-12
2021-12-27,0.555556,0.597988,0,2021-12
2021-12-28,0.555556,0.622215,0,2021-12
2021-12-29,0.555556,0.606736,1,2021-12
2021-12-30,0.555556,0.595640,0,2021-12
2021-12-31,0.555556,0.608268,1,2021-12
2022-01-02,0.611111,0.514430,0,2022-01
2022-01-03,0.611111,0.514169,0,2022-01
2022-01-04,0.500000,0.513042,0,2022-01
2022-01-05,0.500000,0.516206,0,2022-01
2022-01-06,0.611111,0.517146,0,2022-01
2022-01-07,0.666667,0.512850,1,2022-01
2022-01-08,0.677419,0.520284,1,2022-01
2022-01-09,0.666667,0.522023,0,2022-01
2022-01-10,0.720430,0.521228,1,2022-01
2022-01-11,0.709677,0.521562,1,2022-01
2022-01-12,0.611111,0.519973,0,2022-01
2022-01-13,0.500000,0.519074,1,2022-01
2022-01-14,0.774194,0.520417,1,2022-01
2022-01-15,0.666667,0.520580,0,2022-01
2022-01-16,0.731183,0.519903,0,2022-01
2022-01-17,0.892473,0.519372,1,2022-01
2022-01-18,1.000000,0.518285,0,2022-01
2022-01-19,0.903226,0.518376,0,2022-01
2022-01-20,0.849462,0.519096,0,2022-01
2022-01-21,1.000000,0.520555,0,2022-01
2022-01-22,1.000000,0.522000,1,2022-01
2022-01-23,1.000000,0.524290,1,2022-01
2022-01-24,1.000000,0.523750,1,2022-01
2022-01-25,0.666667,0.526053,0,2022-01
2022-01-26,0.650794,0.525518,1,2022-01
2022-01-27,0.666667,0.525750,1,2022-01
2022-01-28,0.709677,0.525346,1,2022-01
2022-01-29,0.650794,0.525202,0,2022-01
2022-01-30,0.619048,0.524743,1,2022-01
2022-01-31,0.666667,0.522510,1,2022-01
2022-02-02,0.529412,0.517110,1,2022-02
2022-02-03,0.529412,0.511503,1,2022-02
2022-02-04,0.529412,0.489722,0,2022-02
2022-02-05,0.529412,0.510848,1,2022-02
2022-02-06,0.529412,0.510060,1,2022-02
2022-02-07,0.666667,0.496476,1,2022-02
2022-02-08,0.666667,0.495506,1,2022-02
2022-02-09,0.666667,0.503808,0,2022-02
2022-02-10,0.666667,0.498413,0,2022-02
2022-02-11,0.529412,0.503952,0,2022-02
2022-02-12,0.529412,0.508584,0,2022-02
2022-02-13,0.500000,0.511157,1,2022-02
2022-02-14,0.529412,0.504476,1,2022-02
2022-02-15,0.529412,0.497495,0,2022-02
2022-02-16,0.529412,0.507528,0,2022-02
2022-02-17,0.529412,0.511039,0,2022-02
2022-02-18,0.666667,0.504964,1,2022-02
2022-02-19,0.666667,0.511665,0,2022-02
2022-02-20,0.529412,0.514428,0,2022-02
2022-02-21,0.666667,0.504982,1,2022-02
2022-02-22,0.666667,0.500982,0,2022-02
2022-02-23,0.666667,0.511643,1,2022-02
2022-02-24,0.666667,0.484665,1,2022-02
2022-02-25,0.500000,0.501820,0,2022-02
2022-02-26,0.500000,0.512808,0,2022-02
2022-02-27,0.529412,0.512343,1,2022-02
2022-02-28,0.529412,0.477967,1,2022-02
2022-03-02,0.608696,0.450081,0,2022-03
2022-03-03,0.444444,0.507294,0,2022-03
2022-03-04,0.421053,0.608135,1,2022-03
2022-03-05,0.421053,0.539058,0,2022-03
2022-03-06,0.421053,0.579920,0,2022-03
2022-03-07,0.444444,0.577875,1,2022-03
2022-03-08,0.421053,0.539372,1,2022-03
2022-03-09,0.444444,0.436720,0,2022-03
2022-03-10,0.421053,0.580410,0,2022-03
2022-03-11,0.421053,0.559230,1,2022-03
2022-03-12,0.421053,0.541860,0,2022-03
2022-03-13,0.421053,0.590034,1,2022-03
2022-03-14,0.421053,0.525535,0,2022-03
2022-03-15,0.421053,0.564051,1,2022-03
2022-03-16,0.421053,0.491186,0,2022-03
2022-03-17,0.421053,0.518861,1,2022-03
2022-03-18,0.444444,0.497480,1,2022-03
2022-03-19,0.500000,0.489090,0,2022-03
2022-03-20,0.421053,0.529530,0,2022-03
2022-03-21,0.421053,0.518610,1,2022-03
2022-03-22,0.444444,0.464723,1,2022-03
2022-03-23,0.444444,0.470130,1,2022-03
2022-03-24,0.444444,0.447272,1,2022-03
2022-03-25,0.444444,0.451985,1,2022-03
2022-03-26,0.444444,0.455233,1,2022-03
2022-03-27,0.444444,0.388229,1,2022-03
2022-03-28,0.421053,0.408290,1,2022-03
2022-03-29,0.421053,0.409189,0,2022-03
2022-03-30,0.421053,0.440204,0,2022-03
2022-03-31,0.608696,0.485863,1,2022-03
2022-04-02,0.593750,0.562555,1,2022-04
2022-04-03,0.478261,0.553484,1,2022-04
2022-04-04,0.593750,0.574613,0,2022-04
2022-04-05,0.666667,0.559501,0,2022-04
2022-04-06,0.593750,0.558097,1,2022-04
2022-04-07,0.478261,0.500638,0,2022-04
2022-04-08,0.593750,0.522852,1,2022-04
2022-04-09,0.478261,0.490300,0,2022-04
2022-04-10,0.478261,0.503985,0,2022-04
2022-04-11,0.666667,0.564449,1,2022-04
2022-04-12,0.666667,0.505200,1,2022-04
2022-04-13,0.593750,0.523445,0,2022-04
2022-04-14,0.593750,0.565248,1,2022-04
2022-04-15,0.478261,0.534837,0,2022-04
2022-04-16,0.478261,0.542177,0,2022-04
2022-04-17,0.593750,0.542845,1,2022-04
2022-04-18,0.478261,0.535905,1,2022-04
2022-04-19,0.478261,0.522738,0,2022-04
2022-04-20,0.478261,0.526511,0,2022-04
2022-04-21,0.478261,0.525199,0,2022-04
2022-04-22,0.478261,0.505513,0,2022-04
2022-04-23,0.478261,0.467276,0,2022-04
2022-04-24,0.478261,0.438913,1,2022-04
2022-04-25,0.478261,0.448893,0,2022-04
2022-04-26,0.593750,0.483379,1,2022-04
2022-04-27,0.593750,0.422237,1,2022-04
2022-04-28,0.478261,0.433949,0,2022-04
2022-04-29,0.593750,0.454303,0,2022-04
2022-04-30,0.593750,0.434584,1,2022-04
2022-05-02,0.486486,0.520037,0,2022-05
2022-05-03,0.486486,0.525345,1,2022-05
2022-05-04,0.250000,0.511174,0,2022-05
2022-05-05,0.486486,0.533093,0,2022-05
2022-05-06,0.636364,0.537202,0,2022-05
2022-05-07,0.636364,0.540219,0,2022-05
2022-05-08,0.636364,0.548209,0,2022-05
2022-05-09,0.636364,0.571202,1,2022-05
2022-05-10,0.636364,0.565928,0,2022-05
2022-05-11,0.636364,0.578284,1,2022-05
2022-05-12,0.636364,0.579920,1,2022-05
2022-05-13,0.636364,0.574719,1,2022-05
2022-05-14,0.636364,0.571322,1,2022-05
2022-05-15,0.636364,0.563496,0,2022-05
2022-05-16,0.636364,0.568504,1,2022-05
2022-05-17,0.636364,0.562669,0,2022-05
2022-05-18,0.636364,0.568858,1,2022-05
2022-05-19,0.636364,0.559368,0,2022-05
2022-05-20,0.636364,0.562633,1,2022-05
2022-05-21,0.636364,0.558440,1,2022-05
2022-05-22,0.636364,0.551477,0,2022-05
2022-05-23,0.636364,0.554640,1,2022-05
2022-05-24,0.636364,0.548295,0,2022-05
2022-05-25,0.636364,0.544719,0,2022-05
2022-05-26,0.636364,0.545839,0,2022-05
2022-05-27,0.636364,0.546870,1,2022-05
2022-05-28,0.636364,0.544174,1,2022-05
2022-05-29,0.486486,0.536482,1,2022-05
2022-05-30,0.636364,0.510470,1,2022-05
2022-05-31,0.636364,0.505264,0,2022-05
2022-06-02,0.548387,0.505671,0,2022-06
2022-06-03,0.548387,0.505903,1,2022-06
2022-06-04,0.548387,0.505152,1,2022-06
2022-06-05,0.548387,0.505851,1,2022-06
2022-06-06,0.548387,0.510209,0,2022-06
2022-06-07,0.625000,0.511885,0,2022-06
2022-06-08,0.548387,0.508113,0,2022-06
2022-06-09,0.548387,0.507616,0,2022-06
2022-06-10,0.548387,0.506925,0,2022-06
2022-06-11,0.548387,0.505670,0,2022-06
2022-06-12,0.625000,0.505810,0,2022-06
2022-06-13,0.548387,0.514704,0,2022-06
2022-06-14,0.625000,0.514471,1,2022-06
2022-06-15,0.833333,0.517630,0,2022-06
2022-06-16,0.625000,0.519645,1,2022-06
2022-06-17,0.548387,0.518723,0,2022-06
2022-06-18,0.625000,0.523629,1,2022-06
2022-06-19,0.625000,0.525264,1,2022-06
2022-06-20,0.586694,0.522436,1,2022-06
2022-06-21,0.548387,0.520933,0,2022-06
2022-06-22,0.548387,0.520535,1,2022-06
2022-06-23,0.548387,0.522366,1,2022-06
2022-06-24,0.548387,0.520905,1,2022-06
2022-06-25,0.548387,0.520102,0,2022-06
2022-06-26,0.548387,0.516960,0,2022-06
2022-06-27,0.548387,0.515098,0,2022-06
2022-06-28,0.548387,0.512078,0,2022-06
2022-06-29,0.548387,0.508835,0,2022-06
2022-06-30,0.548387,0.506771,0,2022-06
2022-07-02,0.450000,0.452397,1,2022-07
2022-07-03,0.450000,0.452918,1,2022-07
2022-07-04,0.450000,0.457788,0,2022-07
2022-07-05,0.450000,0.457547,1,2022-07
2022-07-06,0.450000,0.458971,1,2022-07
2022-07-07,0.450000,0.464034,1,2022-07
2022-07-08,0.450000,0.464249,0,2022-07
2022-07-09,0.450000,0.463707,0,2022-07
2022-07-10,0.450000,0.461663,0,2022-07
2022-07-11,0.450000,0.459212,0,2022-07
2022-07-12,0.450000,0.457667,1,2022-07
2022-07-13,0.450000,0.461856,1,2022-07
2022-07-14,0.450000,0.463420,1,2022-07
2022-07-15,0.450000,0.464155,1,2022-07
2022-07-16,0.450000,0.465726,0,2022-07
2022-07-17,0.450000,0.463970,1,2022-07
2022-07-18,0.500000,0.470485,1,2022-07
2022-07-19,0.500000,0.473755,0,2022-07
2022-07-20,0.500000,0.472584,0,2022-07
2022-07-21,0.450000,0.473322,0,2022-07
2022-07-22,0.450000,0.470931,0,2022-07
2022-07-23,0.450000,0.469980,1,2022-07
2022-07-24,0.450000,0.470173,0,2022-07
2022-07-25,0.450000,0.465691,0,2022-07
2022-07-26,0.450000,0.464892,1,2022-07
2022-07-27,0.450000,0.471110,1,2022-07
2022-07-28,0.450000,0.473302,0,2022-07
2022-07-29,0.450000,0.473287,0,2022-07
2022-07-30,0.450000,0.472628,0,2022-07
2022-07-31,0.500000,0.471280,0,2022-07
2022-08-02,0.393443,0.452237,0,2022-08
2022-08-03,0.393443,0.452646,0,2022-08
2022-08-04,0.393443,0.452980,1,2022-08
2022-08-05,0.393443,0.452233,0,2022-08
2022-08-06,0.387822,0.452800,1,2022-08
2022-08-07,0.342857,0.452588,1,2022-08
2022-08-08,0.393443,0.451795,0,2022-08
2022-08-09,0.393443,0.452643,1,2022-08
2022-08-10,0.588235,0.451846,1,2022-08
2022-08-11,0.588235,0.451993,1,2022-08
2022-08-12,0.393443,0.451305,1,2022-08
2022-08-13,0.393443,0.451347,0,2022-08
2022-08-14,0.393443,0.451548,0,2022-08
2022-08-15,0.588235,0.451992,0,2022-08
2022-08-16,0.393443,0.452648,0,2022-08
2022-08-17,0.393443,0.453749,0,2022-08
2022-08-18,0.393443,0.454212,0,2022-08
2022-08-19,0.588235,0.455727,1,2022-08
2022-08-20,0.393443,0.456032,1,2022-08
2022-08-21,0.393443,0.455265,0,2022-08
2022-08-22,0.393443,0.455120,1,2022-08
2022-08-23,0.393443,0.454879,0,2022-08
2022-08-24,0.393443,0.455075,1,2022-08
2022-08-25,0.393443,0.454716,0,2022-08
2022-08-26,0.393443,0.455351,0,2022-08
2022-08-27,0.393443,0.455867,0,2022-08
2022-08-28,0.393443,0.456085,1,2022-08
2022-08-29,0.393443,0.454632,0,2022-08
2022-08-30,0.393443,0.454821,1,2022-08
2022-08-31,0.393443,0.454647,1,2022-08
2022-09-02,0.404762,0.426963,0,2022-09
2022-09-03,0.404762,0.429815,1,2022-09
2022-09-04,0.404762,0.430917,0,2022-09
2022-09-05,0.404762,0.433324,0,2022-09
2022-09-06,0.404762,0.435119,1,2022-09
2022-09-07,0.404762,0.436505,1,2022-09
2022-09-08,0.404762,0.436035,1,2022-09
2022-09-09,0.404762,0.424709,1,2022-09
2022-09-10,0.404762,0.420941,1,2022-09
2022-09-11,0.404762,0.418347,1,2022-09
2022-09-12,0.404762,0.414799,0,2022-09
2022-09-13,0.404762,0.413955,0,2022-09
2022-09-14,0.404762,0.421192,0,2022-09
2022-09-15,0.404762,0.420477,1,2022-09
2022-09-16,0.404762,0.421155,1,2022-09
2022-09-17,0.404762,0.420416,0,2022-09
2022-09-18,0.404762,0.419083,1,2022-09
2022-09-19,0.404762,0.418594,0,2022-09
2022-09-20,0.404762,0.420108,0,2022-09
2022-09-21,0.404762,0.421804,1,2022-09
2022-09-22,0.404762,0.420049,0,2022-09
2022-09-23,0.404762,0.417165,0,2022-09
2022-09-24,0.404762,0.419220,0,2022-09
2022-09-25,0.404762,0.420602,1,2022-09
2022-09-26,0.404762,0.418755,0,2022-09
2022-09-27,0.404762,0.417517,1,2022-09
2022-09-28,0.404762,0.414919,1,2022-09
2022-09-29,0.404762,0.414419,0,2022-09
2022-09-30,0.404762,0.416692,0,2022-09
2022-10-02,0.474359,0.385075,1,2022-10
2022-10-03,0.348291,0.396597,1,2022-10
2022-10-04,0.474359,0.415396,0,2022-10
2022-10-05,0.474359,0.411919,0,2022-10
2022-10-06,0.474359,0.393005,0,2022-10
2022-10-07,0.474359,0.376662,0,2022-10
2022-10-08,0.474359,0.366347,1,2022-10
2022-10-09,0.474359,0.365752,0,2022-10
2022-10-10,0.474359,0.360696,0,2022-10
2022-10-11,0.474359,0.355537,1,2022-10
2022-10-12,0.474359,0.361008,1,2022-10
2022-10-13,0.474359,0.385619,0,2022-10
2022-10-14,0.474359,0.369919,0,2022-10
2022-10-15,0.474359,0.361555,1,2022-10
2022-10-16,0.474359,0.372089,1,2022-10
2022-10-17,0.474359,0.390436,0,2022-10
2022-10-18,0.474359,0.380875,0,2022-10
2022-10-19,0.474359,0.364929,0,2022-10
2022-10-20,0.474359,0.359008,1,2022-10
2022-10-21,0.474359,0.369593,1,2022-10
2022-10-22,0.474359,0.369667,1,2022-10
2022-10-23,0.474359,0.395702,0,2022-10
2022-10-24,0.474359,0.377069,1,2022-10
2022-10-25,0.474359,0.410717,1,2022-10
2022-10-26,0.474359,0.436370,0,2022-10
2022-10-27,0.479487,0.407875,1,2022-10
2022-10-28,1.000000,0.408643,1,2022-10
2022-10-29,0.583333,0.414880,0,2022-10
2022-10-30,0.474359,0.405776,0,2022-10
2022-10-31,0.494872,0.396237,0,2022-10
2022-11-02,0.421053,0.411207,1,2022-11
2022-11-03,0.392857,0.435578,1,2022-11
2022-11-04,0.421053,0.400541,1,2022-11
2022-11-05,0.392857,0.447477,0,2022-11
2022-11-06,0.421053,0.452606,0,2022-11
2022-11-07,0.392857,0.419676,0,2022-11
2022-11-08,0.555556,0.341128,0,2022-11
2022-11-09,0.421053,0.429187,1,2022-11
2022-11-10,0.421053,0.450395,0,2022-11
2022-11-11,0.421053,0.521836,0,2022-11
2022-11-12,0.555556,0.572134,0,2022-11
2022-11-13,0.555556,0.586578,1,2022-11
2022-11-14,1.000000,0.543437,1,2022-11
2022-11-15,0.555556,0.555498,0,2022-11
2022-11-16,0.555556,0.559236,1,2022-11
2022-11-17,0.555556,0.560801,1,2022-11
2022-11-18,0.421053,0.552982,1,2022-11
2022-11-19,0.421053,0.564280,0,2022-11
2022-11-20,0.392857,0.554137,0,2022-11
2022-11-21,0.421053,0.526511,1,2022-11
2022-11-22,0.555556,0.529225,1,2022-11
2022-11-23,0.421053,0.513840,0,2022-11
2022-11-24,0.421053,0.512553,0,2022-11
2022-11-25,0.392857,0.512635,0,2022-11
2022-11-26,0.392857,0.497627,0,2022-11
2022-11-27,0.392857,0.473832,0,2022-11
2022-11-28,0.555556,0.456275,1,2022-11
2022-11-29,0.421053,0.461636,1,2022-11
2022-11-30,0.392857,0.447175,0,2022-11
2022-12-02,0.512195,0.489998,0,2022-12
2022-12-03,0.428571,0.485698,1,2022-12
2022-12-04,0.360000,0.482380,0,2022-12
2022-12-05,0.512195,0.477547,1,2022-12
2022-12-06,0.360000,0.474473,0,2022-12
2022-12-07,0.360000,0.469178,1,2022-12
2022-12-08,0.360000,0.465921,0,2022-12
2022-12-09,0.360000,0.462903,0,2022-12
2022-12-10,0.000000,0.460709,0,2022-12
2022-12-11,0.180000,0.458494,1,2022-12
2022-12-12,0.090000,0.453587,1,2022-12
2022-12-13,0.360000,0.447881,1,2022-12
2022-12-14,0.360000,0.445213,0,2022-12
2022-12-15,0.360000,0.442061,0,2022-12
2022-12-16,0.428571,0.439186,1,2022-12
2022-12-17,0.360000,0.442652,0,2022-12
2022-12-18,0.360000,0.442113,0,2022-12
2022-12-19,0.360000,0.440274,1,2022-12
2022-12-20,0.270000,0.440096,0,2022-12
2022-12-21,0.000000,0.440318,1,2022-12
2022-12-22,0.000000,0.439847,0,2022-12
2022-12-23,0.000000,0.442193,1,2022-12
2022-12-24,0.000000,0.442310,0,2022-12
2022-12-25,0.000000,0.441827,1,2022-12
2022-12-26,0.000000,0.441590,0,2022-12
2022-12-27,0.000000,0.441460,0,2022-12
2022-12-28,0.360000,0.443324,1,2022-12
2022-12-29,0.360000,0.443563,0,2022-12
2022-12-30,0.360000,0.442768,0,2022-12
2022-12-31,0.428571,0.445179,1,2022-12
2023-01-02,0.352941,0.465200,0,2023-01
2023-01-03,0.352941,0.477063,1,2023-01
2023-01-04,0.352941,0.441554,0,2023-01
2023-01-05,0.352941,0.438148,1,2023-01
2023-01-06,0.352941,0.409266,1,2023-01
2023-01-07,0.352941,0.395785,1,2023-01
2023-01-08,0.363636,0.364794,1,2023-01
2023-01-09,0.541667,0.354315,1,2023-01
2023-01-10,0.562500,0.298934,1,2023-01
2023-01-11,0.541667,0.238356,1,2023-01
2023-01-12,0.363636,0.198517,1,2023-01
2023-01-13,0.352941,0.159615,1,2023-01
2023-01-14,0.352941,0.149152,0,2023-01
2023-01-15,0.352941,0.127325,1,2023-01
2023-01-16,0.352941,0.125044,0,2023-01
2023-01-17,0.352941,0.115364,0,2023-01
2023-01-18,0.541667,0.154791,1,2023-01
2023-01-19,0.500000,0.135379,1,2023-01
2023-01-20,0.352941,0.117660,1,2023-01
2023-01-21,0.333333,0.108270,0,2023-01
2023-01-22,0.333333,0.098737,1,2023-01
2023-01-23,0.333333,0.094010,0,2023-01
2023-01-24,0.352941,0.105187,1,2023-01
2023-01-25,0.352941,0.099821,0,2023-01
2023-01-26,0.363636,0.096642,1,2023-01
2023-01-27,0.500000,0.091767,0,2023-01
2023-01-28,0.541667,0.086337,1,2023-01
2023-01-29,0.363636,0.086273,0,2023-01
2023-01-30,0.541667,0.135879,1,2023-01
2023-01-31,0.541667,0.133389,1,2023-01
2023-02-02,0.555556,0.517190,0,2023-02
2023-02-03,0.555556,0.518108,0,2023-02
2023-02-04,0.555556,0.515924,0,2023-02
2023-02-05,0.555556,0.507209,0,2023-02
2023-02-06,0.555556,0.503342,1,2023-02
2023-02-07,0.500000,0.512078,0,2023-02
2023-02-08,0.500000,0.504613,0,2023-02
2023-02-09,0.625000,0.485711,0,2023-02
2023-02-10,0.625000,0.485323,1,2023-02
2023-02-11,0.625000,0.493248,0,2023-02
2023-02-12,0.625000,0.495096,1,2023-02
2023-02-13,0.555556,0.498587,1,2023-02
2023-02-14,0.500000,0.509311,1,2023-02
2023-02-15,0.518519,0.536519,0,2023-02
2023-02-16,0.500000,0.521430,1,2023-02
2023-02-17,0.500000,0.526476,1,2023-02
2023-02-18,0.500000,0.524755,0,2023-02
2023-02-19,0.500000,0.517906,1,2023-02
2023-02-20,0.500000,0.522183,0,2023-02
2023-02-21,0.500000,0.514263,0,2023-02
2023-02-22,0.500000,0.510480,0,2023-02
2023-02-23,0.500000,0.506182,0,2023-02
2023-02-24,0.333333,0.496621,0,2023-02
2023-02-25,0.500000,0.497453,1,2023-02
2023-02-26,0.500000,0.505021,0,2023-02
2023-02-27,0.500000,0.506412,0,2023-02
2023-02-28,0.500000,0.501141,1,2023-02
2023-03-02,0.476190,0.501993,0,2023-03
2023-03-03,0.476190,0.505555,0,2023-03
2023-03-04,0.785714,0.488128,1,2023-03
2023-03-05,0.476190,0.492883,0,2023-03
2023-03-06,0.476190,0.499240,0,2023-03
2023-03-07,0.476190,0.506948,0,2023-03
2023-03-08,0.476190,0.507593,0,2023-03
2023-03-09,0.476190,0.512749,0,2023-03
2023-03-10,0.476190,0.525662,1,2023-03
2023-03-11,0.476190,0.519151,1,2023-03
2023-03-12,0.333333,0.521628,1,2023-03
2023-03-13,0.476190,0.555881,1,2023-03
2023-03-14,0.476190,0.570318,0,2023-03
2023-03-15,0.333333,0.552936,1,2023-03
2023-03-16,0.476190,0.540067,1,2023-03
2023-03-17,0.476190,0.562797,0,2023-03
2023-03-18,0.476190,0.541035,1,2023-03
2023-03-19,0.785714,0.539830,0,2023-03
2023-03-20,0.785714,0.540844,1,2023-03
2023-03-21,0.785714,0.524594,0,2023-03
2023-03-22,0.785714,0.513369,1,2023-03
2023-03-23,0.476190,0.500516,0,2023-03
2023-03-24,0.476190,0.496753,1,2023-03
2023-03-25,0.476190,0.479013,1,2023-03
2023-03-26,0.476190,0.478218,0,2023-03
2023-03-27,0.785714,0.478544,1,2023-03
2023-03-28,0.476190,0.478163,1,2023-03
2023-03-29,0.476190,0.485081,0,2023-03
2023-03-30,0.476190,0.488758,1,2023-03
2023-03-31,0.476190,0.486115,0,2023-03
2023-04-02,0.500000,0.476270,0,2023-04
2023-04-03,0.500000,0.463755,1,2023-04
2023-04-04,0.500000,0.467978,1,2023-04
2023-04-05,0.475000,0.466723,0,2023-04
2023-04-06,0.500000,0.469037,0,2023-04
2023-04-07,0.500000,0.468908,1,2023-04
2023-04-08,0.500000,0.473914,1,2023-04
2023-04-09,0.475000,0.487748,1,2023-04
2023-04-10,0.500000,0.511930,1,2023-04
2023-04-11,0.500000,0.515703,0,2023-04
2023-04-12,0.500000,0.513822,1,2023-04
2023-04-13,0.500000,0.515140,1,2023-04
2023-04-14,0.475000,0.516228,0,2023-04
2023-04-15,0.500000,0.514171,0,2023-04
2023-04-16,0.500000,0.515672,0,2023-04
2023-04-17,0.500000,0.472056,1,2023-04
2023-04-18,0.500000,0.495404,0,2023-04
2023-04-19,0.475000,0.447605,0,2023-04
2023-04-20,0.475000,0.440210,0,2023-04
2023-04-21,0.500000,0.438423,1,2023-04
2023-04-22,0.500000,0.465888,0,2023-04
2023-04-23,0.636364,0.472826,0,2023-04
2023-04-24,0.636364,0.477773,1,2023-04
2023-04-25,0.500000,0.505193,1,2023-04
2023-04-26,0.500000,0.504132,1,2023-04
2023-04-27,0.475000,0.522957,0,2023-04
2023-04-28,0.500000,0.523720,0,2023-04
2023-04-29,0.500000,0.520106,1,2023-04
2023-04-30,0.500000,0.514875,0,2023-04
2023-05-02,0.355556,0.480822,1,2023-05
2023-05-03,0.355556,0.479124,0,2023-05
2023-05-04,0.355556,0.476837,1,2023-05
2023-05-05,0.355556,0.463665,0,2023-05
2023-05-06,0.355556,0.474552,0,2023-05
2023-05-07,0.355556,0.475875,0,2023-05
2023-05-08,0.355556,0.493308,0,2023-05
2023-05-09,0.355556,0.494905,0,2023-05
2023-05-10,0.355556,0.505582,0,2023-05
2023-05-11,0.355556,0.520058,0,2023-05
2023-05-12,0.355556,0.532898,0,2023-05
2023-05-13,0.355556,0.531803,1,2023-05
2023-05-14,0.355556,0.535255,1,2023-05
2023-05-15,0.355556,0.534728,0,2023-05
2023-05-16,0.355556,0.536534,1,2023-05
2023-05-17,0.355556,0.532048,0,2023-05
2023-05-18,0.355556,0.538910,1,2023-05
2023-05-19,0.355556,0.530100,1,2023-05
2023-05-20,0.355556,0.524895,0,2023-05
2023-05-21,0.355556,0.529675,1,2023-05
2023-05-22,0.355556,0.525784,1,2023-05
2023-05-23,0.355556,0.518163,0,2023-05
2023-05-24,0.355556,0.532219,1,2023-05
2023-05-25,0.355556,0.522850,1,2023-05
2023-05-26,0.355556,0.515074,1,2023-05
2023-05-27,0.355556,0.508724,1,2023-05
2023-05-28,0.355556,0.493283,0,2023-05
2023-05-29,0.355556,0.490656,0,2023-05
2023-05-30,0.355556,0.482225,0,2023-05
2023-05-31,0.355556,0.488875,0,2023-05
2023-06-02,0.514286,0.488945,0,2023-06
2023-06-03,0.481481,0.484959,1,2023-06
2023-06-04,0.481481,0.485579,0,2023-06
2023-06-05,0.416667,0.525902,1,2023-06
2023-06-06,0.400000,0.490688,0,2023-06
2023-06-07,0.416667,0.501991,1,2023-06
2023-06-08,0.514286,0.490576,0,2023-06
2023-06-09,0.514286,0.489745,0,2023-06
2023-06-10,0.400000,0.509372,1,2023-06
2023-06-11,0.514286,0.496005,0,2023-06
2023-06-12,0.514286,0.497722,1,2023-06
2023-06-13,0.481481,0.500931,0,2023-06
2023-06-14,0.481481,0.511405,1,2023-06
2023-06-15,0.416667,0.500302,1,2023-06
2023-06-16,0.481481,0.480965,1,2023-06
2023-06-17,0.514286,0.473384,0,2023-06
2023-06-18,0.514286,0.477975,1,2023-06
2023-06-19,0.514286,0.471778,1,2023-06
2023-06-20,0.481481,0.457869,1,2023-06
2023-06-21,0.514286,0.457135,0,2023-06
2023-06-22,0.514286,0.442418,1,2023-06
2023-06-23,0.514286,0.440650,0,2023-06
2023-06-24,0.514286,0.425424,0,2023-06
2023-06-25,0.514286,0.426813,0,2023-06
2023-06-26,0.400000,0.434936,1,2023-06
2023-06-27,0.400000,0.429543,0,2023-06
2023-06-28,0.416667,0.440402,1,2023-06
2023-06-29,0.416667,0.433685,1,2023-06
2023-06-30,0.400000,0.446349,1,2023-06
2023-07-02,0.400000,0.466307,1,2023-07
2023-07-03,0.400000,0.412351,0,2023-07
2023-07-04,0.400000,0.446174,0,2023-07
2023-07-05,0.500000,0.460661,0,2023-07
2023-07-06,0.500000,0.437070,1,2023-07
2023-07-07,0.500000,0.456780,0,2023-07
2023-07-08,0.500000,0.480861,0,2023-07
2023-07-09,0.500000,0.461336,1,2023-07
2023-07-10,0.500000,0.396534,1,2023-07
2023-07-11,0.500000,0.399693,0,2023-07
2023-07-12,0.500000,0.399435,1,2023-07
2023-07-13,0.578947,0.305975,0,2023-07
2023-07-14,0.500000,0.389271,0,2023-07
2023-07-15,0.500000,0.446838,0,2023-07
2023-07-16,0.500000,0.454256,0,2023-07
2023-07-17,0.500000,0.442883,0,2023-07
2023-07-18,0.578947,0.462695,1,2023-07
2023-07-19,0.500000,0.460242,0,2023-07
2023-07-20,0.500000,0.458621,1,2023-07
2023-07-21,0.500000,0.473699,0,2023-07
2023-07-22,0.500000,0.503355,1,2023-07
2023-07-23,0.500000,0.472339,0,2023-07
2023-07-24,0.500000,0.502285,1,2023-07
2023-07-25,0.500000,0.518829,1,2023-07
2023-07-26,0.000000,0.495843,0,2023-07
2023-07-27,0.400000,0.523153,1,2023-07
2023-07-28,0.400000,0.512349,1,2023-07
2023-07-29,0.500000,0.536920,0,2023-07
2023-07-30,0.400000,0.530185,0,2023-07
2023-07-31,0.500000,0.506780,1,2023-07
2023-08-02,0.491803,0.533453,1,2023-08
2023-08-03,0.491803,0.528831,0,2023-08
2023-08-04,0.491803,0.534403,0,2023-08
2023-08-05,0.491803,0.531222,0,2023-08
2023-08-06,0.491803,0.535342,1,2023-08
2023-08-07,0.491803,0.532514,1,2023-08
2023-08-08,0.461538,0.501383,0,2023-08
2023-08-09,0.461538,0.516073,0,2023-08
2023-08-10,0.491803,0.516840,0,2023-08
2023-08-11,0.491803,0.516753,1,2023-08
2023-08-12,0.491803,0.511996,0,2023-08
2023-08-13,0.491803,0.522906,1,2023-08
2023-08-14,0.491803,0.522081,0,2023-08
2023-08-15,0.491803,0.537053,0,2023-08
2023-08-16,0.491803,0.567466,0,2023-08
2023-08-17,0.491803,0.598424,0,2023-08
2023-08-18,0.491803,0.610435,1,2023-08
2023-08-19,0.491803,0.591719,1,2023-08
2023-08-20,0.491803,0.586488,0,2023-08
2023-08-21,0.491803,0.596239,0,2023-08
2023-08-22,0.491803,0.599926,1,2023-08
2023-08-23,0.491803,0.580946,0,2023-08
2023-08-24,0.491803,0.581555,0,2023-08
2023-08-25,0.491803,0.588581,0,2023-08
2023-08-26,0.491803,0.586648,1,2023-08
2023-08-27,0.491803,0.585290,1,2023-08
2023-08-28,0.491803,0.594910,1,2023-08
2023-08-29,0.491803,0.525230,0,2023-08
2023-08-30,0.491803,0.523546,0,2023-08
2023-08-31,0.461538,0.559252,0,2023-08
2023-09-02,0.500000,0.469303,1,2023-09
2023-09-03,0.500000,0.468756,0,2023-09
2023-09-04,0.587302,0.473571,0,2023-09
2023-09-05,0.666667,0.477436,0,2023-09
2023-09-06,0.634921,0.477572,1,2023-09
2023-09-07,0.500000,0.460759,0,2023-09
2023-09-08,0.571429,0.468039,0,2023-09
2023-09-09,0.587302,0.470004,0,2023-09
2023-09-10,0.666667,0.471077,0,2023-09
2023-09-11,0.492308,0.481830,1,2023-09
2023-09-12,0.492308,0.459713,1,2023-09
2023-09-13,0.492308,0.449555,1,2023-09
2023-09-14,0.492308,0.442632,1,2023-09
2023-09-15,0.492308,0.441050,0,2023-09
2023-09-16,0.492308,0.443612,0,2023-09
2023-09-17,0.492308,0.444991,1,2023-09
2023-09-18,0.277778,0.439633,1,2023-09
2023-09-19,0.277778,0.428266,0,2023-09
2023-09-20,0.277778,0.430881,0,2023-09
2023-09-21,0.492308,0.448977,1,2023-09
2023-09-22,0.492308,0.449949,0,2023-09
2023-09-23,0.492308,0.449545,0,2023-09
2023-09-24,0.492308,0.459070,1,2023-09
2023-09-25,0.492308,0.456844,0,2023-09
2023-09-26,0.492308,0.459721,1,2023-09
2023-09-27,0.492308,0.453566,1,2023-09
2023-09-28,0.492308,0.429383,0,2023-09
2023-09-29,0.492308,0.434449,1,2023-09
2023-09-30,0.492308,0.433821,1,2023-09
2023-10-02,0.459016,0.320256,0,2023-10
2023-10-03,0.400000,0.325088,1,2023-10
2023-10-04,0.400000,0.292900,0,2023-10
2023-10-05,0.000000,0.340015,1,2023-10
2023-10-06,0.000000,0.300938,1,2023-10
2023-10-07,0.459016,0.285507,0,2023-10
2023-10-08,0.459016,0.287354,0,2023-10
2023-10-09,0.320000,0.335621,0,2023-10
2023-10-10,0.459016,0.361940,0,2023-10
2023-10-11,0.459016,0.419780,0,2023-10
2023-10-12,0.459016,0.430283,1,2023-10
2023-10-13,0.459016,0.427598,0,2023-10
2023-10-14,0.459016,0.406038,1,2023-10
2023-10-15,0.459016,0.365119,1,2023-10
2023-10-16,0.400000,0.283831,0,2023-10
2023-10-17,0.360000,0.270072,0,2023-10
2023-10-18,0.120000,0.282376,1,2023-10
2023-10-19,0.400000,0.261615,1,2023-10
2023-10-20,0.400000,0.229117,1,2023-10
2023-10-21,0.459016,0.202555,1,2023-10
2023-10-22,0.459016,0.195235,1,2023-10
2023-10-23,0.459016,0.196277,1,2023-10
2023-10-24,0.459016,0.192049,1,2023-10
2023-10-25,0.459016,0.160025,0,2023-10
2023-10-26,0.400000,0.159553,0,2023-10
2023-10-27,0.400000,0.161821,1,2023-10
2023-10-28,0.459016,0.151402,1,2023-10
2023-10-29,0.459016,0.140285,0,2023-10
2023-10-30,0.459016,0.136656,1,2023-10
2023-10-31,0.459016,0.127745,1,2023-10
2023-11-02,0.491803,0.579558,0,2023-11
2023-11-03,0.491803,0.578772,1,2023-11
2023-11-04,0.491803,0.585438,0,2023-11
2023-11-05,0.491803,0.582363,0,2023-11
2023-11-06,0.491803,0.582913,1,2023-11
2023-11-07,0.491803,0.584132,1,2023-11
2023-11-08,0.491803,0.590934,1,2023-11
2023-11-09,0.491803,0.603941,1,2023-11
2023-11-10,0.491803,0.615654,0,2023-11
2023-11-11,0.491803,0.623490,0,2023-11
2023-11-12,0.491803,0.623451,0,2023-11
2023-11-13,0.491803,0.620901,0,2023-11
2023-11-14,0.491803,0.608060,1,2023-11
2023-11-15,0.491803,0.625774,0,2023-11
2023-11-16,0.500000,0.612684,1,2023-11
2023-11-17,0.491803,0.621025,0,2023-11
2023-11-18,0.491803,0.618804,1,2023-11
2023-11-19,0.491803,0.623443,1,2023-11
2023-11-20,0.491803,0.623801,0,2023-11
2023-11-21,0.491803,0.604669,1,2023-11
2023-11-22,0.500000,0.616898,0,2023-11
2023-11-23,0.491803,0.619904,1,2023-11
2023-11-24,0.491803,0.625083,1,2023-11
2023-11-25,0.491803,0.626615,0,2023-11
2023-11-26,0.491803,0.621065,0,2023-11
2023-11-27,0.491803,0.616490,1,2023-11
2023-11-28,0.491803,0.620305,1,2023-11
2023-11-29,0.491803,0.622876,0,2023-11
2023-11-30,0.491803,0.620120,1,2023-11
2023-12-02,0.562500,0.511628,1,2023-12
2023-12-03,0.562500,0.511709,1,2023-12
2023-12-04,0.562500,0.512198,1,2023-12
2023-12-05,0.562500,0.512574,0,2023-12
2023-12-06,0.460000,0.512467,0,2023-12
2023-12-07,0.460000,0.512261,1,2023-12
2023-12-08,0.460000,0.512501,0,2023-12
2023-12-09,0.460000,0.512224,1,2023-12
2023-12-10,0.460000,0.512175,0,2023-12
2023-12-11,0.565217,0.510869,1,2023-12
2023-12-12,0.565217,0.511131,1,2023-12
2023-12-13,0.565217,0.511318,1,2023-12
2023-12-14,0.565217,0.511193,0,2023-12
2023-12-15,0.565217,0.510759,1,2023-12
2023-12-16,0.565217,0.510897,0,2023-12
2023-12-17,0.565217,0.510462,1,2023-12
2023-12-18,0.565217,0.510764,0,2023-12
2023-12-19,0.565217,0.510657,1,2023-12
2023-12-20,0.565217,0.511182,1,2023-12
2023-12-21,0.562500,0.511265,1,2023-12
2023-12-22,0.511250,0.511341,0,2023-12
2023-12-23,0.460000,0.511276,0,2023-12
2023-12-24,0.460000,0.510980,1,2023-12
2023-12-25,0.562500,0.511215,0,2023-12
2023-12-26,0.562500,0.510611,1,2023-12
2023-12-27,0.511250,0.511014,0,2023-12
2023-12-28,0.460000,0.510638,0,2023-12
2023-12-29,0.460000,0.510401,1,2023-12
2023-12-30,0.460000,0.510426,1,2023-12
2023-12-31,0.460000,0.510441,1,2023-12
2024-01-02,0.692308,0.570883,0,2024-01
2024-01-03,0.692308,0.567053,1,2024-01
2024-01-04,0.692308,0.572297,0,2024-01
2024-01-05,0.692308,0.570568,0,2024-01
2024-01-06,0.488889,0.571778,0,2024-01
2024-01-07,0.488889,0.572172,1,2024-01
2024-01-08,0.692308,0.571255,0,2024-01
2024-01-09,0.692308,0.569054,1,2024-01
2024-01-10,0.692308,0.568271,0,2024-01
2024-01-11,0.692308,0.567958,0,2024-01
2024-01-12,0.692308,0.563087,0,2024-01
2024-01-13,0.488889,0.567933,0,2024-01
2024-01-14,0.488889,0.566081,1,2024-01
2024-01-15,0.488889,0.567776,1,2024-01
2024-01-16,0.488889,0.567766,0,2024-01
2024-01-17,0.488889,0.567549,0,2024-01
2024-01-18,0.488889,0.565880,1,2024-01
2024-01-19,0.488889,0.567828,1,2024-01
2024-01-20,0.488889,0.569304,0,2024-01
2024-01-21,0.488889,0.569892,0,2024-01
2024-01-22,1.000000,0.566768,1,2024-01
2024-01-23,0.948718,0.568317,1,2024-01
2024-01-24,0.692308,0.569556,0,2024-01
2024-01-25,0.692308,0.570087,1,2024-01
2024-01-26,0.000000,0.570947,1,2024-01
2024-01-27,0.488889,0.571415,0,2024-01
2024-01-28,0.488889,0.573654,1,2024-01
2024-01-29,0.488889,0.575442,0,2024-01
2024-01-30,0.488889,0.577079,0,2024-01
2024-01-31,0.488889,0.579463,1,2024-01
2024-02-02,0.518519,0.549861,0,2024-02
2024-02-03,0.518519,0.551084,0,2024-02
2024-02-04,0.518519,0.555409,1,2024-02
2024-02-05,0.518519,0.558697,1,2024-02
2024-02-06,0.518519,0.554131,1,2024-02
2024-02-07,0.547840,0.541505,1,2024-02
2024-02-08,0.562500,0.536010,1,2024-02
2024-02-09,0.562500,0.531764,1,2024-02
2024-02-10,0.562500,0.518701,1,2024-02
2024-02-11,0.562500,0.518981,1,2024-02
2024-02-12,0.562500,0.520603,0,2024-02
2024-02-13,0.518519,0.514329,1,2024-02
2024-02-14,0.533179,0.523767,1,2024-02
2024-02-15,0.562500,0.515129,1,2024-02
2024-02-16,0.518519,0.507815,0,2024-02
2024-02-17,0.562500,0.501730,1,2024-02
2024-02-18,0.562500,0.500600,0,2024-02
2024-02-19,0.518519,0.500994,1,2024-02
2024-02-20,0.518519,0.495963,0,2024-02
2024-02-21,0.518519,0.493816,0,2024-02
2024-02-22,0.518519,0.501966,0,2024-02
2024-02-23,0.562500,0.509496,1,2024-02
2024-02-24,0.562500,0.507264,1,2024-02
2024-02-25,0.547840,0.506936,1,2024-02
2024-02-26,0.518519,0.513440,1,2024-02
2024-02-27,0.518519,0.529966,1,2024-02
2024-02-28,0.333333,0.561693,0,2024-02
2024-02-29,0.518519,0.546633,1,2024-02
2024-03-02,0.636364,0.577395,1,2024-03
2024-03-03,0.652174,0.577291,1,2024-03
2024-03-04,0.333333,0.577888,0,2024-03
2024-03-05,0.333333,0.578023,1,2024-03
2024-03-06,0.333333,0.577911,1,2024-03
2024-03-07,0.333333,0.577613,1,2024-03
2024-03-08,0.333333,0.577677,1,2024-03
2024-03-09,0.333333,0.577168,1,2024-03
2024-03-10,0.333333,0.577257,1,2024-03
2024-03-11,0.333333,0.577570,0,2024-03
2024-03-12,0.333333,0.577476,1,2024-03
2024-03-13,0.333333,0.577505,0,2024-03
2024-03-14,0.333333,0.577536,0,2024-03
2024-03-15,0.333333,0.577807,0,2024-03
2024-03-16,0.500000,0.577699,1,2024-03
2024-03-17,0.333333,0.578052,0,2024-03
2024-03-18,0.566667,0.578316,0,2024-03
2024-03-19,0.566667,0.578355,1,2024-03
2024-03-20,0.566667,0.578768,0,2024-03
2024-03-21,0.566667,0.578628,0,2024-03
2024-03-22,0.566667,0.578652,1,2024-03
2024-03-23,0.566667,0.578719,1,2024-03
2024-03-24,0.566667,0.579033,1,2024-03
2024-03-25,0.566667,0.579513,1,2024-03
2024-03-26,0.333333,0.579606,0,2024-03
2024-03-27,0.566667,0.579661,1,2024-03
2024-03-28,0.333333,0.579708,0,2024-03
2024-03-29,0.566667,0.579591,0,2024-03
2024-03-30,0.566667,0.579578,1,2024-03
2024-03-31,0.333333,0.579693,0,2024-03
2024-04-02,0.520000,0.514931,1,2024-04
2024-04-03,0.520000,0.529808,1,2024-04
2024-04-04,0.428571,0.521099,0,2024-04
2024-04-05,0.428571,0.527017,1,2024-04
2024-04-06,0.428571,0.545469,1,2024-04
2024-04-07,0.428571,0.537807,1,2024-04
2024-04-08,0.428571,0.491519,0,2024-04
2024-04-09,0.428571,0.508415,1,2024-04
2024-04-10,0.428571,0.492937,0,2024-04
2024-04-11,0.428571,0.506143,0,2024-04
2024-04-12,0.520000,0.489257,0,2024-04
2024-04-13,0.714286,0.485894,1,2024-04
2024-04-14,0.714286,0.469355,0,2024-04
2024-04-15,0.714286,0.494613,1,2024-04
2024-04-16,0.714286,0.485352,0,2024-04
2024-04-17,0.714286,0.502658,1,2024-04
2024-04-18,0.520000,0.492447,1,2024-04
2024-04-19,0.617143,0.467296,1,2024-04
2024-04-20,0.520000,0.507310,0,2024-04
2024-04-21,0.520000,0.507345,1,2024-04
2024-04-22,0.520000,0.482456,0,2024-04
2024-04-23,0.520000,0.492936,0,2024-04
2024-04-24,0.428571,0.487817,1,2024-04
2024-04-25,0.520000,0.476385,0,2024-04
2024-04-26,0.520000,0.492629,0,2024-04
2024-04-27,0.520000,0.501950,0,2024-04
2024-04-28,0.520000,0.496219,1,2024-04
2024-04-29,0.520000,0.473343,0,2024-04
2024-04-30,0.714286,0.457939,0,2024-04
2024-05-02,1.000000,0.402056,1,2024-05
2024-05-03,0.529412,0.388885,1,2024-05
2024-05-04,0.529412,0.410294,1,2024-05
2024-05-05,0.529412,0.416972,0,2024-05
2024-05-06,0.529412,0.388102,0,2024-05
2024-05-07,0.529412,0.394958,0,2024-05
2024-05-08,0.529412,0.403934,1,2024-05
2024-05-09,0.529412,0.403517,0,2024-05
2024-05-10,0.529412,0.414440,1,2024-05
2024-05-11,0.529412,0.440597,1,2024-05
2024-05-12,0.529412,0.434216,1,2024-05
2024-05-13,0.529412,0.390153,0,2024-05
2024-05-14,0.529412,0.393071,1,2024-05
2024-05-15,0.457143,0.351192,0,2024-05
2024-05-16,0.457143,0.380761,1,2024-05
2024-05-17,0.457143,0.387023,0,2024-05
2024-05-18,0.457143,0.430536,0,2024-05
2024-05-19,0.457143,0.436876,1,2024-05
2024-05-20,0.457143,0.364899,0,2024-05
2024-05-21,0.457143,0.373476,0,2024-05
2024-05-22,0.457143,0.418965,0,2024-05
2024-05-23,0.457143,0.418533,1,2024-05
2024-05-24,0.457143,0.458393,1,2024-05
2024-05-25,0.457143,0.498823,0,2024-05
2024-05-26,0.457143,0.512765,1,2024-05
2024-05-27,0.457143,0.482286,0,2024-05
2024-05-28,0.457143,0.474403,0,2024-05
2024-05-29,0.529412,0.488551,1,2024-05
2024-05-30,0.457143,0.472195,0,2024-05
2024-05-31,0.457143,0.477860,1,2024-05
2024-06-02,0.472222,0.508948,1,2024-06
2024-06-03,0.472222,0.372454,1,2024-06
2024-06-04,0.472222,0.317509,1,2024-06
2024-06-05,0.472222,0.294490,0,2024-06
2024-06-06,0.472222,0.338782,0,2024-06
2024-06-07,0.472222,0.360212,0,2024-06
2024-06-08,0.472222,0.408620,1,2024-06
2024-06-09,0.472222,0.398375,0,2024-06
2024-06-10,0.500000,0.384357,0,2024-06
2024-06-11,0.472222,0.452856,1,2024-06
2024-06-12,0.472222,0.393954,0,2024-06
2024-06-13,0.472222,0.507280,0,2024-06
2024-06-14,0.666667,0.551521,1,2024-06
2024-06-15,0.505435,0.585369,1,2024-06
2024-06-16,0.472222,0.576226,0,2024-06
2024-06-17,0.472222,0.536641,0,2024-06
2024-06-18,0.666667,0.564793,0,2024-06
2024-06-19,0.666667,0.615651,0,2024-06
2024-06-20,0.666667,0.607434,0,2024-06
2024-06-21,0.666667,0.650941,1,2024-06
2024-06-22,0.666667,0.686744,0,2024-06
2024-06-23,0.666667,0.727985,0,2024-06
2024-06-24,1.000000,0.763430,1,2024-06
2024-06-25,0.666667,0.702191,0,2024-06
2024-06-26,0.666667,0.758144,1,2024-06
2024-06-27,0.666667,0.717267,0,2024-06
2024-06-28,0.666667,0.747412,1,2024-06
2024-06-29,0.666667,0.728363,1,2024-06
2024-06-30,0.666667,0.626323,1,2024-06
2024-07-02,0.513514,0.565551,0,2024-07
2024-07-03,0.625000,0.610133,0,2024-07
2024-07-04,1.000000,0.699588,0,2024-07
2024-07-05,1.000000,0.692588,1,2024-07
2024-07-06,0.625000,0.668466,0,2024-07
2024-07-07,0.625000,0.750886,1,2024-07
2024-07-08,0.625000,0.679141,1,2024-07
2024-07-09,0.513514,0.637138,0,2024-07
2024-07-10,0.500000,0.631343,0,2024-07
2024-07-11,0.513514,0.613360,1,2024-07
2024-07-12,0.044444,0.578931,1,2024-07
2024-07-13,0.333333,0.519853,1,2024-07
2024-07-14,0.333333,0.445048,1,2024-07
2024-07-15,0.200000,0.293601,1,2024-07
2024-07-16,0.155556,0.309432,0,2024-07
2024-07-17,0.177778,0.330615,0,2024-07
2024-07-18,0.333333,0.341344,1,2024-07
2024-07-19,0.200000,0.267761,1,2024-07
2024-07-20,0.333333,0.303971,1,2024-07
2024-07-21,0.133333,0.292828,0,2024-07
2024-07-22,0.133333,0.305597,0,2024-07
2024-07-23,0.200000,0.383228,0,2024-07
2024-07-24,0.300000,0.410639,1,2024-07
2024-07-25,0.333333,0.407287,1,2024-07
2024-07-26,0.000000,0.361043,0,2024-07
2024-07-27,0.066667,0.377784,1,2024-07
2024-07-28,0.333333,0.389668,0,2024-07
2024-07-29,0.333333,0.400983,0,2024-07
2024-07-30,0.333333,0.430612,0,2024-07
2024-07-31,0.513514,0.471966,1,2024-07
2024-08-02,0.545455,0.502005,0,2024-08
2024-08-03,0.800000,0.534178,0,2024-08
2024-08-04,0.800000,0.598698,0,2024-08
2024-08-05,0.800000,0.362975,1,2024-08
2024-08-06,0.545455,0.568903,0,2024-08
2024-08-07,0.800000,0.638573,1,2024-08
2024-08-08,0.545455,0.531769,0,2024-08
2024-08-09,0.475000,0.599647,1,2024-08
2024-08-10,0.475000,0.639280,0,2024-08
2024-08-11,0.475000,0.624908,1,2024-08
2024-08-12,0.475000,0.527787,1,2024-08
2024-08-13,0.475000,0.535835,0,2024-08
2024-08-14,0.475000,0.558547,0,2024-08
2024-08-15,0.545455,0.531651,1,2024-08
2024-08-16,0.475000,0.522297,1,2024-08
2024-08-17,0.475000,0.573305,0,2024-08
2024-08-18,0.475000,0.557827,1,2024-08
2024-08-19,0.000000,0.507147,0,2024-08
2024-08-20,0.000000,0.475392,1,2024-08
2024-08-21,0.000000,0.431049,0,2024-08
2024-08-22,0.333333,0.485505,1,2024-08
2024-08-23,0.475000,0.377152,1,2024-08
2024-08-24,0.475000,0.495451,1,2024-08
2024-08-25,0.545455,0.506781,0,2024-08
2024-08-26,0.333333,0.485438,0,2024-08
2024-08-27,0.475000,0.469793,0,2024-08
2024-08-28,0.475000,0.452469,1,2024-08
2024-08-29,0.475000,0.492294,0,2024-08
2024-08-30,0.000000,0.514999,0,2024-08
2024-08-31,0.475000,0.600487,0,2024-08
2024-09-02,0.333333,0.450598,0,2024-09
2024-09-03,0.380000,0.435006,1,2024-09
2024-09-04,0.380000,0.449589,0,2024-09
2024-09-05,0.571429,0.434699,0,2024-09
2024-09-06,0.380000,0.437874,1,2024-09
2024-09-07,0.571429,0.420164,1,2024-09
2024-09-08,0.380000,0.416811,1,2024-09
2024-09-09,0.380000,0.436491,1,2024-09
2024-09-10,0.333333,0.429834,0,2024-09
2024-09-11,0.380000,0.437039,1,2024-09
2024-09-12,0.287879,0.450170,1,2024-09
2024-09-13,0.380000,0.460892,0,2024-09
2024-09-14,0.380000,0.448205,0,2024-09
2024-09-15,0.380000,0.457340,0,2024-09
2024-09-16,0.380000,0.470040,1,2024-09
2024-09-17,0.380000,0.483765,1,2024-09
2024-09-18,0.380000,0.479740,1,2024-09
2024-09-19,0.380000,0.480499,1,2024-09
2024-09-20,0.380000,0.463608,1,2024-09
2024-09-21,0.380000,0.439399,1,2024-09
2024-09-22,0.380000,0.437308,0,2024-09
2024-09-23,0.380000,0.440832,1,2024-09
2024-09-24,0.380000,0.436831,0,2024-09
2024-09-25,0.380000,0.425286,1,2024-09
2024-09-26,0.380000,0.445059,1,2024-09
2024-09-27,0.380000,0.434793,1,2024-09
2024-09-28,0.380000,0.417206,0,2024-09
2024-09-29,0.380000,0.413941,0,2024-09
2024-09-30,0.380000,0.432607,0,2024-09
2024-10-02,0.523810,0.429618,1,2024-10
2024-10-03,0.523810,0.431079,1,2024-10
2024-10-04,0.523810,0.444772,1,2024-10
2024-10-05,0.523810,0.447148,1,2024-10
2024-10-06,0.523810,0.464631,0,2024-10
2024-10-07,0.500000,0.464249,0,2024-10
2024-10-08,0.500000,0.472405,0,2024-10
2024-10-09,0.500000,0.460091,0,2024-10
2024-10-10,0.523810,0.467251,1,2024-10
2024-10-11,0.500000,0.491093,1,2024-10
2024-10-12,0.523810,0.493083,0,2024-10
2024-10-13,0.523810,0.488267,1,2024-10
2024-10-14,0.500000,0.515982,1,2024-10
2024-10-15,0.500000,0.502248,1,2024-10
2024-10-16,0.500000,0.500034,0,2024-10
2024-10-17,0.500000,0.486070,1,2024-10
2024-10-18,0.500000,0.486064,0,2024-10
2024-10-19,0.500000,0.467645,1,2024-10
2024-10-20,0.523810,0.457580,0,2024-10
2024-10-21,0.523810,0.430980,0,2024-10
2024-10-22,0.500000,0.434273,0,2024-10
2024-10-23,0.523810,0.419110,1,2024-10
2024-10-24,0.500000,0.434446,0,2024-10
2024-10-25,0.523810,0.408580,1,2024-10
2024-10-26,0.523810,0.424365,1,2024-10
2024-10-27,0.523810,0.428436,1,2024-10
2024-10-28,0.500000,0.437283,1,2024-10
2024-10-29,0.400000,0.451237,0,2024-10
2024-10-30,0.400000,0.433879,0,2024-10
2024-10-31,0.400000,0.418362,0,2024-10
2024-11-02,0.555556,0.426686,0,2024-11
2024-11-03,0.560000,0.437015,0,2024-11
2024-11-04,0.560000,0.448768,1,2024-11
2024-11-05,0.555556,0.442524,1,2024-11
2024-11-06,0.000000,0.406352,1,2024-11
2024-11-07,0.000000,0.403839,1,2024-11
2024-11-08,0.000000,0.392158,1,2024-11
2024-11-09,0.000000,0.388024,1,2024-11
2024-11-10,0.000000,0.360952,1,2024-11
2024-11-11,0.000000,0.307170,0,2024-11
2024-11-12,0.000000,0.307715,1,2024-11
2024-11-13,0.000000,0.280240,0,2024-11
2024-11-14,0.000000,0.293978,1,2024-11
2024-11-15,0.000000,0.264026,0,2024-11
2024-11-16,0.000000,0.268370,0,2024-11
2024-11-17,0.000000,0.274924,1,2024-11
2024-11-18,0.000000,0.274286,1,2024-11
2024-11-19,0.000000,0.269388,1,2024-11
2024-11-20,0.000000,0.262544,1,2024-11
2024-11-21,0.000000,0.239369,1,2024-11
2024-11-22,0.000000,0.236281,0,2024-11
2024-11-23,0.000000,0.238976,1,2024-11
2024-11-24,0.000000,0.235495,0,2024-11
2024-11-25,0.000000,0.263454,0,2024-11
2024-11-26,0.000000,0.273825,1,2024-11
2024-11-27,0.000000,0.257415,0,2024-11
2024-11-28,0.000000,0.264623,1,2024-11
2024-11-29,0.000000,0.251377,0,2024-11
2024-11-30,0.000000,0.257239,1,2024-11
2024-12-02,0.512821,0.568553,1,2024-12
2024-12-03,0.512821,0.568406,1,2024-12
2024-12-04,0.500000,0.567183,0,2024-12
2024-12-05,0.512821,0.566610,1,2024-12
2024-12-06,0.500000,0.566202,1,2024-12
2024-12-07,0.500000,0.567304,1,2024-12
2024-12-08,0.500000,0.566825,0,2024-12
2024-12-09,0.512821,0.566729,0,2024-12
2024-12-10,0.512821,0.566418,1,2024-12
2024-12-11,0.512821,0.565446,0,2024-12
2024-12-12,0.512821,0.566309,1,2024-12
2024-12-13,0.508547,0.566097,0,2024-12
2024-12-14,0.500000,0.566559,1,2024-12
2024-12-15,0.500000,0.565539,1,2024-12
2024-12-16,0.512821,0.564514,1,2024-12
2024-12-17,0.512821,0.565219,0,2024-12
2024-12-18,0.512821,0.566625,0,2024-12
2024-12-19,0.512821,0.566757,1,2024-12
2024-12-20,0.512821,0.566474,0,2024-12
2024-12-21,0.512821,0.567428,0,2024-12
2024-12-22,0.512821,0.568177,0,2024-12
2024-12-23,0.512821,0.567515,1,2024-12
2024-12-24,0.512821,0.566511,1,2024-12
2024-12-25,0.512821,0.566573,0,2024-12
2024-12-26,0.512821,0.567219,0,2024-12
2024-12-27,0.512821,0.566995,1,2024-12
2024-12-28,0.512821,0.566896,0,2024-12
2024-12-29,0.512821,0.567299,0,2024-12
2024-12-30,0.512821,0.566694,1,2024-12
2024-12-31,0.512821,0.566378,1,2024-12
