Date,close,high,low,open,volume,RSI,MACD,MACD_SIGNAL,SMA20,EMA20,BB_UPPER,BB_LOWER,ATR,CCI,proba_rfc_cal,proba_sgd_cal,proba_xgb_cal,proba_sentiment_neg,proba_sentiment_neu,proba_sentiment_pos,y_true,is_penalty_day,ohlc_flag_high_low_ok,ml_imputed_mask,sent_missing_or_neutral_mask,y_true_orig,volume_log1p,volume_winsor_p99
2024-12-02,95865.3046875,98152.6015625,94482.8671875,97276.0078125,72680784305,62.79838252710679,4720.297400121039,5456.067414776772,94179.131640625,92535.18562456776,101113.63774731716,87244.62553393282,3379.304129464286,47.57225776182106,0.512821,0.568553,0.4878303706645965,0.0031538461538461,0.7839028846153847,0.2129432692307692,1,,,,,,,
2024-12-03,96002.1640625,96297.203125,93629.5625,95854.59375,67067810961,63.02141865639127,4440.582320414207,5252.97039590426,94450.031640625,92865.37404722796,101214.44238022002,87685.62090103,3314.4296875,22.9418819951765,0.512821,0.568406,0.4720136702060699,0.0714072727272727,0.6675454545454546,0.2610472727272727,1,,,,,,,
2024-12-04,98768.53125,99207.328125,94660.5234375,95988.53125,77199817112,67.29026374199444,4391.5062664226425,5080.677570007937,95025.93671875,93427.579495111,101139.40394961835,88912.46948788164,3404.7354910714284,75.60086719217448,0.5,0.567183,0.4682935535907745,0.076464,0.617432,0.306102,0,,,,,,,
2024-12-05,96593.5703125,103900.46875,91998.78125,98741.5390625,149218945580,61.298730798916,4129.509553706477,4890.443966747645,95302.31484375,93729.10243010044,101156.2838671142,89448.34582038582,3906.169084821429,69.85981149885207,0.512821,0.56661,0.4693541586399078,0.0309985401459854,0.5923569343065693,0.3766481751824817,1,,,,,,,
2024-12-06,99920.7109375,102039.8828125,96514.875,97074.2265625,94534772658,66.2494764466362,4142.59446335955,4740.874066070027,95770.4265625,94318.77943080517,101523.60486060345,90017.24826439655,4127.038504464285,123.58726624459506,0.5,0.566202,0.4353668689727783,0.069859375,0.37339375,0.556728125,1,,,,,,,
2024-12-07,99923.3359375,100563.3828125,99030.8828125,99916.7109375,44177510897,66.25314438098593,4105.846521197615,4613.868557095545,96274.30078125,94852.54671715703,101591.3799219718,90957.2216405282,4109.232142857143,129.72384179418788,0.5,0.567304,0.3843452215194702,0.0712733333333333,0.6592133333333333,0.2695,1,,,,,,,
2024-12-08,101236.015625,101399.9921875,98771.515625,99921.9140625,44125751925,68.11903685726327,4134.9803134217655,4518.090908360789,96808.96953125,95460.4961369516,101842.29202702454,91775.64703547546,4092.758928571429,146.3047551191049,0.5,0.566825,0.3907281994819641,0.0044315789473684,0.5773894736842106,0.4181842105263157,0,,,,,,,
2024-12-09,97432.71875,101272.5078125,94355.9140625,101237.0625,110676473908,58.096268685745045,3807.286749626772,4375.930076613986,97063.416015625,95648.32686200384,101640.11809410214,92486.71393714786,4137.364397321428,34.45306306850238,0.512821,0.566729,0.4841102540493011,0.1482469135802469,0.6250395061728395,0.2267074074074073,0,,,,,,,
2024-12-10,96675.4296875,98270.15625,94321.2578125,97441.234375,104823780634,56.31936821737248,3446.7483713016263,4190.093735551514,97180.212890625,95746.14617871775,101580.03109897696,92780.39468227304,4117.933035714285,-30.24546681691958,0.512821,0.566418,0.4087037116289139,0.2435530612244898,0.6428510204081633,0.1135877551020408,1,,,,,,,
2024-12-11,101173.03125,101913.359375,95747.2265625,96656.0625,85391409936,63.46620174424217,3483.7791297784715,4048.8308143969057,97313.628125,96262.99237598277,102032.78663060362,92594.4696193964,4159.619977678572,111.25855668501492,0.512821,0.565446,0.428696283698082,0.0552898734177215,0.5417151898734177,0.4029898734177215,0,,,,,,,
2024-12-12,100043.0,102524.9140625,99339.953125,101167.8046875,72073983533,60.77560742531988,3382.9457026047166,3915.653792038468,97365.894921875,96622.99310207964,102185.66840829616,92546.12143545384,4246.19921875,143.6437806569169,0.512821,0.566309,0.4600679636001586,0.0643911764705882,0.5842499999999999,0.3513661764705882,1,,,,,,,
2024-12-13,101459.2578125,101888.8046875,99233.28125,100046.6484375,56894751583,62.89852640806856,3378.370897666842,3808.197213164144,97549.99375,97083.58974116728,102705.51325845892,92394.47424154107,4201.215959821428,134.85351954300427,0.508547,0.566097,0.389900779724121,0.107704054054054,0.4848986486486487,0.4074162162162162,0,,,,,,,
2024-12-14,101372.96875,102618.8828125,100634.0546875,101451.4375,40422968793,62.67595147851068,3329.403237556908,3712.438418042697,97717.951171875,97492.1020277228,103148.62178122088,92287.28056252912,4246.194754464285,136.02898065541427,0.5,0.566559,0.4057174801826477,5.882352941176471e-06,0.6790294117647059,0.320964705882353,1,,,,,,,
2024-12-15,104298.6953125,105047.5390625,101227.03125,101373.53125,51145914137,66.94678070614543,3486.4876371852297,3667.2482618712033,98277.77109375,98140.3490072254,104005.300780352,92550.241407148,4367.806919642857,168.7608006087758,0.5,0.565539,0.389900779724121,2.777777777777778e-05,0.5753111111111111,0.4246611111111111,1,,,,,,,
2024-12-16,106029.71875,107780.578125,103322.984375,104293.578125,91020417816,69.19287762165523,3707.9147471540346,3675.3815589277697,98979.991015625,98891.7175541563,104899.75864502668,93060.22338622333,4424.082589285715,199.56477882103607,0.512821,0.564514,0.4674661338329315,0.0109308411214953,0.5229177570093457,0.4661523364485981,1,,,,,,,
2024-12-17,106140.6015625,108268.4453125,105291.734375,106030.6875,68589364868,69.33661864720082,3847.987439469696,3709.9027350361553,99488.89453125,99582.08745971284,106033.42951029244,92944.35955220756,4446.159040178572,190.39308964189505,0.512821,0.565219,0.469900780916214,0.216374074074074,0.4523962962962963,0.3312283950617284,0,,,,,,,
2024-12-18,100041.5390625,106470.609375,100041.5390625,106147.296875,93865656139,54.322688391784354,3427.344392828484,3653.391066594621,99708.348046875,99625.8447552164,106000.71622677192,93415.9798669781,4580.606584821428,69.07037993439867,0.512821,0.566625,0.4854734718799591,0.057547619047619,0.7159785714285715,0.2264785714285714,0,,,,,,,
2024-12-19,97490.953125,102748.1484375,95587.6796875,100070.6875,97221662392,49.49585684012756,2855.2571516671014,3493.764283609117,99709.81953125,99422.52174281482,105999.988775697,93419.650286803,4241.948102678572,-29.01344886575759,0.512821,0.566757,0.392013669013977,0.1651813186813186,0.6126758241758242,0.2221395604395604,1,,,,,,,
2024-12-20,97755.9296875,98098.9140625,92175.1796875,97484.6953125,105634083408,49.99298005779908,2395.639840624237,3274.139395012141,99775.16328125,99263.7986899277,105948.77930565889,93601.54725684112,4270.428571428572,-98.05032418344568,0.512821,0.566474,0.4051289090886712,0.2737247619047619,0.5285780952380953,0.1976952380952381,0,,,,,,,
2024-12-21,97224.7265625,99507.1015625,96426.5234375,97756.1953125,51765334294,48.95269704530661,1965.8648907687168,3012.484494163457,99772.41015625,99069.6013444584,105950.75900313852,93594.06130936148,4381.005580357143,-53.514511770075096,0.512821,0.567428,0.4665379762649536,0.0882318181818181,0.501040909090909,0.4107181818181818,0,,,,,,,
2024-12-22,95104.9375,97360.265625,94202.1875,97218.3203125,43147981314,44.93443312996464,1437.643624320437,2697.516320194853,99734.391796875,98692.01431165283,106022.35680432242,93446.42678942758,4418.834263392857,-110.77754631950332,0.512821,0.568177,0.5026932120323181,0.00018,0.60416,0.39568,0,,,,,,,
2024-12-23,94686.2421875,96416.2109375,92403.1328125,95099.390625,65239002919,44.16332770537346,974.0114547462,2352.8153471051223,99668.595703125,98310.51220459066,106145.6905975492,93191.5008087008,4211.440290178572,-136.19023371440488,0.512821,0.567515,0.5026932120323181,0.1811526315789473,0.316038596491228,0.502801754385965,1,,,,,,,
2024-12-24,98676.09375,99404.0625,93448.015625,94684.34375,47114953674,52.52417570733433,917.9457889288316,2065.8414354698643,99663.973828125,98345.32949462964,106143.90428034509,93184.04337590492,4354.808035714285,-63.77660713503141,0.512821,0.566511,0.4676619172096252,0.0002083333333333,0.4105875,0.5892041666666666,1,,,,,,,
2024-12-25,99299.1953125,99478.75,97593.46875,98675.9140625,33700394629,53.690417109058366,913.2648843547796,1835.326125246848,99799.255078125,98436.17385823632,106120.31068527616,93478.19947097384,4049.032924107143,-23.240724265376933,0.512821,0.566573,0.4940448999404907,0.0023,0.5818916666666667,0.4158083333333333,0,,,,,,,
2024-12-26,95795.515625,99884.5703125,95137.8828125,99297.6953125,47054980873,46.73799325468101,619.6941164195014,1592.1997234813782,99592.9953125,98184.68259792811,106161.7266681966,93024.2639568034,4160.584821428572,-66.71322462689689,0.512821,0.567219,0.5026932120323181,0.324036170212766,0.4214553191489361,0.2544851063829787,0,,,,,,,
2024-12-27,94164.859375,97294.84375,93310.7421875,95704.9765625,52419934565,43.88945313835859,252.5456473372033,1324.2689082525433,99305.071484375,97801.84229098256,106303.59211635434,92306.55085239568,4255.483258928572,-104.81867287797571,0.512821,0.566995,0.5026932120323181,0.1737219512195122,0.5341292682926829,0.2921341463414634,1,,,,,,,
2024-12-28,95163.9296875,95525.8984375,94014.2890625,94160.1875,24107436185,46.058618503824334,41.71361646262813,1067.7578498945602,99001.4671875,97550.61251922233,106172.0009142126,91830.9334607874,4221.681919642857,-95.09967761580016,0.512821,0.566896,0.5026932120323181,0.210325,0.617275,0.1724083333333333,0,,,,,,,
2024-12-29,93530.2265625,95174.875,92881.7890625,95174.0546875,29635885267,43.12287798593272,-254.2674389685853,803.352792121931,98806.342578125,97167.7186185821,106358.83482904456,91253.85032720542,4112.580357142857,-108.99008810752382,0.512821,0.567299,0.5026932120323181,0.0007375,0.5039625,0.4953,0,,,,,,,
2024-12-30,92643.2109375,94903.3203125,91317.1328125,93527.1953125,56188003691,41.57346980003327,-554.0228748310183,531.8776587313412,98604.731640625,96736.81312514572,106599.08653933225,90610.37674191776,4050.337053571429,-119.08874585251937,0.512821,0.566694,0.4977650165557861,0.1813,0.4961512820512821,0.3225435897435897,1,,,,,,,
2025-01-01,94419.757812,94929.867188,92788.125,93425.101562,24519888919,43.42593,-1393.378495,-982.22034,97936.378125,96425.334156,106274.906556,89597.849694,3829.803571,-78.379768,0.5,0.5,0.5,0.0,1.0,0.0,1,1.0,1.0,1.0,1.0,1.0,23.92275041782472,24519888919.0
2025-01-02,96886.875,97739.820312,94201.570312,94416.289062,46009564411,49.91284,-1174.367966,-1020.674238,97707.758984,96470.968953,105888.840616,89526.677353,3571.073661,-30.887483,0.545455,0.530301,0.4984550378377587,0.156,0.3326,0.5114,1,0.0,1.0,0.0,0.0,1.0,24.552115133822724,46009564411.0
2025-01-03,98107.429688,98956.914062,96034.617188,96881.726562,35611391163,52.796517,-898.70034,-996.267082,97544.482031,96632.187501,105545.939081,89543.024981,3356.685268,2.469017,0.545455,0.52446,0.5027495810924508,0.1021,0.4715,0.4264,1,0.0,1.0,0.0,0.0,1.0,24.295931400139683,35611391163.0
2025-01-04,98236.226562,98734.429688,97562.976562,98106.992188,22342608078,53.103345,-663.117545,-929.610136,97241.358594,96789.695585,104598.877955,89883.839232,3220.319196,21.246031,0.545455,0.518651,0.5018793747490973,0.0,0.4369,0.5631,1,0.0,1.0,0.0,0.0,1.0,23.82976136858084,22342608078.0
2025-01-05,98314.960938,98813.304688,97291.765625,98233.90625,20525254825,53.303171,-465.283861,-836.714734,96855.620703,96939.027001,102978.46243,90732.778977,3103.423549,35.356979,0.545455,0.511685,0.5003074861106054,0.0,0.0003,0.9997,1,0.0,1.0,0.0,0.0,1.0,23.74492190760369,20525254825.0
2025-01-06,102078.085938,102482.875,97926.148438,98314.953125,51823432705,61.702578,-20.918407,-673.513099,96652.494922,97440.829255,101643.259619,91661.730225,3142.25558,141.158393,0.545455,0.489527,0.4994502284658939,0.0386,0.4459,0.5155,0,0.0,1.0,0.0,0.0,0.0,24.67110825276561,51823432705.0
2025-01-07,96922.703125,102712.484375,96132.875,102248.851562,58685738547,48.762329,-63.941789,-551.573511,96496.553125,97390.358413,101229.700818,91763.405432,3186.795759,78.662591,0.545455,0.515848,0.5037995590802143,0.1918191819181918,0.2336233623362336,0.5745574557455746,0,0.0,1.0,0.0,0.0,0.0,24.795462579372877,58685738547.0
2025-01-08,95043.523438,97258.320312,92525.84375,96924.164062,63875859171,45.053318,-239.930725,-489.234596,96374.181641,97162.247933,101125.596542,91622.766739,3390.166853,-51.624959,0.545455,0.522583,0.5072815360740749,0.1582158215821582,0.6054605460546055,0.2363236323632363,0,0.0,1.0,0.0,0.0,0.0,24.88020733621348,63875859171.0
2025-01-09,92484.039062,95349.71875,91220.84375,95043.484375,62777261693,40.531292,-570.446031,-505.479042,96110.587109,96708.419781,101117.320933,91103.853285,3346.037388,-110.154478,0.576923,0.534491,0.5064575825895645,0.3723,0.4041,0.2236,1,0.0,1.0,0.0,0.0,1.0,24.862858769919303,62777261693.0
2025-01-10,94701.453125,95770.609375,92250.09375,92494.492188,62058693684,45.623397,-652.689863,-534.924338,95984.423437,96514.070209,101000.105759,90968.741116,3312.924107,-60.959253,0.576923,0.52131,0.5066214890932079,0.1857,0.5489,0.2654,0,0.0,1.0,0.0,0.0,0.0,24.85134644651855,62058693684.0
2025-01-11,94566.59375,94977.6875,93840.046875,94700.835938,18860894100,45.368956,-719.9585,-571.934319,95957.50625,96325.78266,100998.774538,90916.237962,3286.212054,-49.941468,0.545455,0.524613,0.505368826895417,0.0,0.5174517451745174,0.4825482548254825,0,0.0,1.0,0.0,0.0,0.0,23.660356520292083,18860894100.0
2025-01-12,94488.4375,95367.539062,93712.507812,94565.726562,20885130965,45.211588,-770.398666,-611.62989,95947.616016,96148.399191,101000.149046,90895.082985,3240.636719,-47.890385,0.545455,0.52451,0.498866232119322,0.0022,0.7478,0.25,1,0.0,1.0,0.0,0.0,1.0,23.762303305692264,20885130965.0
2025-01-13,94516.523438,95837.0,89260.101562,94488.890625,72978998252,45.285035,-798.897354,-649.085422,95739.6375,95991.057799,100659.987542,90819.287458,3454.258929,-84.96817,0.576923,0.530336,0.5089781111530641,0.2995,0.5184,0.1821,1,0.0,1.0,0.0,0.0,1.0,25.013437541538227,72978998252.0
2025-01-14,96534.046875,97352.664062,94322.15625,94519.007812,53769675818,50.426088,-655.787565,-650.425909,95601.380078,96043.349778,100248.395956,90954.3642,3372.397321,18.03828,0.545455,0.511714,0.5022514461260332,0.1209,0.6494,0.2297,1,0.0,1.0,0.0,0.0,1.0,24.707975498718763,53769675818.0
2025-01-15,100504.492188,100697.234375,96501.640625,96534.046875,57805923627,58.658665,-227.988445,-565.935472,95836.828906,96472.517881,100976.339234,90697.318579,3519.101004,121.284206,0.545455,0.496949,0.501825065015069,0.1814,0.3654,0.4532,0,0.0,1.0,0.0,0.0,0.0,24.78035709228702,57805923627.0
2025-01-16,99756.90625,100781.585938,97364.445312,100505.296875,54103781805,56.747765,51.487209,-442.447493,96116.43125,96788.176537,101476.658372,90756.204128,3510.450335,107.060793,0.545455,0.506073,0.5105002711642687,0.0092,0.6868,0.304,1,0.0,1.0,0.0,0.0,1.0,24.714169924348283,54103781805.0
2025-01-17,104462.039062,105884.226562,99948.90625,100025.765625,71888972663,64.570612,636.460037,-226.661175,96581.336719,97525.060712,103084.717765,90077.955672,3739.38058,191.563729,0.545455,0.486559,0.5134436112258234,0.0533,0.4912,0.4555,0,0.0,1.0,0.0,0.0,0.0,24.99838871945199,71888972663.0
2025-01-18,104408.070312,104913.203125,102226.617188,104124.953125,50445655726,64.426674,1083.112838,35.298301,97125.228906,98185.483257,104335.28687,89915.170942,3847.604353,168.742063,0.478261,0.495736,0.511350610937253,0.0108,0.6585,0.3307,0,0.0,1.0,0.0,0.0,0.0,24.644162469572503,50445655726.0
2025-01-19,101089.609375,106299.796875,99570.53125,104411.289062,76789928525,56.139776,1161.070139,260.455882,97547.548828,98463.935077,104640.750768,90454.346888,4219.584821,117.275631,0.545455,0.512115,0.5151636438633408,0.0094990500949905,0.461953804619538,0.5285471452854714,1,0.0,1.0,0.0,0.0,1.0,25.064339329516194,76789928525.0
2025-01-20,102016.664062,109114.882812,99471.359375,101083.75,126279678351,57.773812,1281.457228,464.658483,97976.921875,98804.356869,105060.099659,90893.744091,4582.927455,129.878765,0.545455,0.504827,0.5132827303196654,0.0918,0.6233,0.2849,1,0.0,1.0,0.0,0.0,1.0,25.56176495353128,111077909744.61005
2025-01-21,106146.265625,107180.921875,100103.953125,102052.578125,88733878242,64.176297,1684.946787,708.718373,98563.247266,99507.448126,106316.323363,90810.171168,4618.453125,133.693568,0.545455,0.498174,0.5141208471134604,0.0465,0.7808,0.1727,0,0.0,1.0,0.0,0.0,0.0,25.208907595200923,88733878242.0
2025-01-22,103653.070312,106294.34375,103360.265625,106136.382812,53878181052,58.41737,1785.979873,924.172248,98901.557031,99904.241175,106932.161679,90870.952383,4489.996094,115.75381,0.545455,0.514023,0.5144261648897268,0.0514,0.4926,0.456,1,0.0,1.0,0.0,0.0,1.0,24.70999142869452,53878181052.0
2025-01-23,103960.171875,106820.328125,101257.804688,103657.671875,104104515428,58.906529,1868.8599,1113.110883,99194.194141,100292.26495,107523.93311,90864.455171,4592.399554,94.647545,0.545455,0.515552,0.5117255313105545,0.0909,0.6529,0.2562,1,0.0,1.0,0.0,0.0,1.0,25.36866118750559,104104515428.0
2025-01-24,104819.484375,107098.546875,102772.125,103965.671875,52388229265,60.313343,1980.062715,1286.50206,99523.357031,100725.189867,108206.502748,90840.211314,4649.964286,98.398764,0.545455,0.516065,0.5105136286360741,0.0488,0.73,0.2212,0,0.0,1.0,0.0,0.0,0.0,24.681947770711545,52388229265.0
2025-01-25,104714.648438,105243.789062,104120.375,104824.03125,23888996502,60.043275,2036.302352,1436.462679,99843.341406,101106.541915,108806.157319,90880.525493,4648.948103,84.326716,0.545455,0.521205,0.5101256100050101,0.0,0.6923,0.3077,0,0.0,1.0,0.0,0.0,0.0,23.89668379250445,23888996502.0
2025-01-26,102682.5,105438.648438,102507.710938,104713.210938,22543395879,54.910593,1896.873052,1528.54503,99873.562109,101257.134648,108872.109369,90875.014849,4740.084263,60.516867,0.545455,0.532741,0.5101424046720338,0.0001,0.8718,0.1281,0,0.0,1.0,0.0,0.0,0.0,23.838707994369656,22543395879.0
2025-01-27,102087.6875,103214.109375,97795.9375,102680.304688,89006608428,53.469811,1719.055145,1566.647144,100131.811328,101336.473963,109070.040637,91193.582019,4657.31808,17.570908,0.576923,0.541158,0.510133190309954,0.4076592340765923,0.4340565943405659,0.1582841715828417,0,0.0,1.0,0.0,0.0,0.0,25.211976455933243,89006608428.0
2025-01-28,101332.476562,103730.820312,100238.1875,102095.414062,47180685494,51.617921,1500.489884,1553.415666,100446.258984,101336.092218,109067.653509,91824.86446,4690.327009,25.45425,0.576923,0.540706,0.5089621409555353,0.0433,0.6464,0.3103,1,0.0,1.0,0.0,0.0,1.0,24.577250440176048,47180685494.0
2025-01-29,103703.210938,104750.804688,101283.820312,101317.523438,47432049818,56.68904,1499.530083,1542.638533,101007.217578,101562.089489,108874.236085,93140.199071,4638.283482,46.781328,0.545455,0.529284,0.5097368536315476,0.0483048304830483,0.6806680668066807,0.271027102710271,1,0.0,1.0,0.0,0.0,1.0,24.582563993675603,47432049818.0
2025-01-30,104735.304688,106418.765625,103321.648438,103709.335938,41915744521,58.717676,1563.298893,1546.77061,101508.910156,101864.976346,108951.030188,94066.790124,4615.424665,73.527147,0.545455,0.526764,0.5093650767988562,0.0984,0.6881,0.2135,0,0.0,1.0,0.0,0.0,0.0,24.458927357541008,41915744521.0
2025-01-31,102405.023438,106026.351562,101543.882812,104737.5625,45732764360,52.714136,1410.988,1519.614061,101900.831641,101916.513453,108591.196718,95210.466563,4497.935268,37.485129,0.576923,0.53699,0.5077475373240493,0.0565,0.4865,0.457,0,0.0,1.0,0.0,0.0,0.0,24.54608082240669,45732764360.0
2025-02-01,100655.90625,102755.726562,100297.710938,102402.796875,27757944848,48.689991,1137.055671,1443.102323,102209.205078,101796.235917,107964.185474,96454.224682,4481.608817,-25.654437,0.576923,0.53699,0.5077475373240493,0.0538,0.67325,0.27295,0,1.0,1.0,1.0,0.0,0.0,24.04678793702745,27757944848.0
2025-02-02,97688.976562,101430.664062,96216.078125,100661.539062,63091816853,42.731123,674.403009,1289.362364,102367.827734,101404.420804,107353.511217,97382.144252,4373.417411,-133.528677,0.666667,0.545548,0.5183316311499876,0.0511,0.86,0.0889,1,0.0,1.0,0.0,0.0,1.0,24.867856912727127,63091816853.0
2025-02-03,101405.421875,102514.171875,91242.890625,97681.101562,115400897748,50.846099,598.88067,1151.265956,102611.396484,101404.516287,106811.086954,98411.706014,4489.685826,-150.025936,0.666667,0.502337,0.515424630785412,0.2386,0.7279,0.0335,0,0.0,1.0,0.0,0.0,0.0,25.471677970444222,111077909744.61005
2025-02-04,97871.820312,101745.617188,96208.109375,101398.71875,73002130211,44.403511,252.631841,971.539061,102479.762891,101067.613257,107101.351561,97858.17422,4379.72433,-137.984694,0.666667,0.580269,0.5185485371610347,0.0938,0.6771,0.2291,0,0.0,1.0,0.0,0.0,0.0,25.013754458655345,73002130211.0
2025-02-05,96615.445312,99113.210938,96174.828125,97878.007812,49125911241,42.348892,-121.19425,752.992328,102322.689844,100643.07761,107512.52753,97132.852157,4380.031808,-170.195293,0.666667,0.590286,0.5171193285866422,0.1337,0.5897,0.2766,0,0.0,1.0,0.0,0.0,0.0,24.61765245641927,49125911241.0
2025-02-06,96593.296875,99168.609375,95707.351562,96610.640625,45302471947,42.311723,-414.433998,519.507003,101929.252734,100256.956588,107606.385921,96252.119548,4229.941406,-145.118487,0.555556,0.606766,0.5167996677429139,0.1559,0.5512,0.2929,0,0.0,1.0,0.0,0.0,0.0,24.53662743633512,45302471947.0
2025-02-07,96529.085938,100154.140625,95653.882812,96581.320312,55741290456,42.196095,-644.538278,286.697899,101535.303516,99901.565186,107570.37803,95500.229001,4242.358259,-117.844848,0.611111,0.622844,0.5170441031510266,0.1846,0.5686,0.2468,0,0.0,1.0,0.0,0.0,0.0,24.743987010095697,55741290456.0
2025-02-08,96482.453125,96877.804688,95702.492188,96533.257812,22447526395,42.1061,-821.163047,65.125673,101304.945703,99575.639992,107749.46929,94860.422116,4246.06529,-125.675908,0.555556,0.632423,0.5169517762256332,0.0367,0.5754,0.3879,1,0.0,1.0,0.0,0.0,1.0,23.834446262257867,22447526395.0
2025-02-09,96500.09375,97325.28125,94745.257812,96481.3125,27732901800,42.156358,-948.771339,-137.653756,101029.117188,99282.490376,107808.884023,94249.350352,4221.0,-113.330837,0.666667,0.643593,0.5164328217022754,0.0624,0.8111,0.1265,1,0.0,1.0,0.0,0.0,1.0,24.04588533592431,27732901800.0
2025-02-10,97437.554688,98333.21875,95320.84375,96499.460938,40078962391,44.894116,-963.415238,-302.80607,100593.681641,99106.651723,107102.89637,94084.466911,4049.157366,-83.272455,0.555556,0.609532,0.5178636877170322,0.1651165116511651,0.7486748674867487,0.0862086208620862,0,0.0,1.0,0.0,0.0,0.0,24.41411740496476,40078962391.0
2025-02-11,95747.429688,98492.898438,94875.039062,97438.132812,37488783272,41.115799,-1098.272616,-461.899392,100198.399609,98786.510861,106883.154522,93513.644697,4058.102121,-88.196987,0.555556,0.639967,0.5175663180183305,0.1187881211878812,0.7102289771022898,0.170982901709829,1,0.0,1.0,0.0,0.0,1.0,24.347307612459645,37488783272.0
2025-02-12,97885.859375,98151.023438,94101.203125,95745.695312,49340445530,47.173673,-1021.349474,-573.789416,99894.683984,98700.682389,106409.611011,93379.756958,4099.733259,-73.396585,0.545455,0.588366,0.5168460965316786,0.2128,0.559,0.2282,0,0.0,1.0,0.0,0.0,0.0,24.62200997782039,49340445530.0
2025-02-13,96623.867188,98111.085938,95269.710938,97888.75,37147280860,44.278586,-1049.820134,-668.995565,99484.903125,98502.781692,105720.564215,93249.242035,4081.46596,-68.98146,0.555556,0.595656,0.516410736079416,0.0434,0.6283,0.3283,1,0.0,1.0,0.0,0.0,1.0,24.338156411918614,37147280860.0
2025-02-14,97508.96875,98819.46875,96342.804688,96623.367188,32697987277,46.747049,-989.739209,-733.144296,99124.619141,98408.08575,104903.973839,93345.264442,3938.194196,-43.002378,0.555556,0.531439,0.5151698278562626,0.2986701329867013,0.5925407459254075,0.1087891210878912,1,0.0,1.0,0.0,0.0,1.0,24.21057936182377,32697987277.0
2025-02-15,97580.351562,97975.039062,97240.195312,97508.382812,17047266288,46.95116,-925.704975,-771.656433,98869.511719,98329.218438,104434.044492,93304.978945,3815.110491,-37.879809,0.555556,0.511564,0.5158655890213373,0.1134,0.7354,0.1512,0,0.0,1.0,0.0,0.0,0.0,23.5592556928649,17047266288.0
2025-02-16,96175.03125,97725.59375,96060.976562,97580.492188,16536755396,43.42255,-976.83186,-812.69152,98573.878906,98123.974203,104046.003734,93101.754078,3561.541295,-62.645936,0.666667,0.528798,0.5170254473902774,0.0,0.9863,0.0137,0,0.0,1.0,0.0,0.0,0.0,23.52885134024911,16536755396.0
2025-02-17,95773.382812,97032.234375,95243.546875,96179.007812,27336550690,42.44081,-1037.723804,-857.697978,98295.924219,97900.025875,103742.747616,92849.100822,2884.21317,-79.685753,0.555556,0.52038,0.5182579393853707,0.0394,0.8188,0.1418,0,0.0,1.0,0.0,0.0,0.0,24.031490496822805,27336550690.0
2025-02-18,95539.546875,96695.375,93388.835938,95773.8125,37325720482,41.847609,-1092.217106,-904.601804,97887.741016,97675.143413,102828.421774,92947.060258,2724.858259,-107.083468,0.545455,0.519877,0.5157825918193731,0.1188,0.6072,0.274,1,0.0,1.0,0.0,0.0,1.0,24.342948483145847,37325720482.0
2025-02-19,96635.609375,96855.59375,95011.96875,95532.53125,28990872862,45.680138,-1035.183863,-930.718216,97482.75625,97576.110314,101248.180735,93717.331765,2646.661272,-72.180567,0.545455,0.452263,0.5169119910226458,0.05999400059994,0.7708229177082292,0.1691830816918308,1,0.0,1.0,0.0,0.0,1.0,24.090246888533294,28990872862.0
2025-02-20,98333.9375,98767.195312,96442.671875,96632.679688,31668022771,51.062027,-843.449985,-913.26457,97279.201953,97648.304024,100288.472212,94269.931694,2565.46596,43.494746,0.545455,0.402376,0.516971782528157,0.211,0.6435,0.1455,0,0.0,1.0,0.0,0.0,0.0,24.17857326334085,31668022771.0
2025-02-21,96125.546875,99497.96875,94852.960938,98340.671875,49608706470,44.840644,-859.512444,-902.514145,97052.683984,97503.243733,99644.866195,94460.501773,2575.805246,-18.941186,0.545455,0.436857,0.5172839463782892,0.2396760323967603,0.5581441855814419,0.2021797820217978,1,0.0,1.0,0.0,0.0,1.0,24.62743218896257,49608706470.0
2025-02-22,96577.757812,96950.15625,95765.34375,96134.203125,18353824477,46.2839,-826.277831,-887.266882,96997.123047,97415.082531,99579.498012,94414.748082,2576.483817,-50.10629,0.545455,0.392663,0.518833881098887,0.1498,0.7813,0.0689,0,0.0,1.0,0.0,0.0,0.0,23.63310380815051,18353824477.0
2025-02-23,96273.921875,96671.875,95270.453125,96577.804688,16999478976,45.423914,-815.026613,-872.818828,96740.548047,97306.378602,98293.097322,95187.998771,2492.297991,-81.095812,0.555556,0.373296,0.5191463378065865,0.0,0.53,0.47,0,0.0,1.0,0.0,0.0,0.0,23.55644853212119,16999478976.0
2025-02-24,91418.171875,96503.453125,91371.742188,96277.960938,44046480529,34.417563,-1183.79458,-935.013979,96417.865625,96745.494485,99186.672178,93649.059072,2643.679129,-331.705108,0.666667,0.520862,0.5175395491466068,0.2258,0.5368,0.2374,0,0.0,1.0,0.0,0.0,0.0,24.508511288974336,44046480529.0
2025-02-25,88736.171875,92511.078125,86008.234375,91437.117188,92139104128,30.081938,-1672.920951,-1082.595374,96023.901953,95982.575684,100431.553431,91616.250475,2849.749442,-421.139903,0.666667,0.637308,0.5205122237467957,0.6115,0.3077,0.0808,0,0.0,1.0,0.0,0.0,0.0,25.24656527347442,92139104128.0
2025-02-26,84347.023438,89286.25,82131.898438,88638.890625,64597492134,24.616715,-2386.825533,-1343.441406,95411.588281,94874.262014,102229.626747,88593.549815,3071.501674,-351.767695,0.666667,0.800828,0.5222948667510615,0.316,0.5314,0.1526,1,0.0,1.0,0.0,0.0,1.0,24.891441425541768,64597492134.0
2025-02-27,84704.226562,87000.78125,83144.960938,84076.859375,52659591954,25.798221,-2890.473857,-1652.847897,94820.345312,93905.556066,103120.177391,86520.513234,3143.962054,-243.712118,0.666667,0.805743,0.5215784468814533,0.3856,0.3803,0.2341,0,0.0,1.0,0.0,0.0,0.0,24.68711424231384,52659591954.0
2025-02-28,84373.007812,85036.320312,78248.914062,84705.625,83610570576,25.400672,-3278.518587,-1977.982036,94214.873047,92997.583113,103688.010522,84741.735572,3451.87221,-215.16958,0.666667,0.86906,0.5209194195841768,0.5887,0.3657,0.0456,1,0.0,1.0,0.0,0.0,1.0,25.149435791352523,83610570576.0
2025-03-01,86031.914062,86522.304688,83794.234375,84373.867188,29190628396,31.125359,-3412.949027,-2264.975434,93691.464063,92334.112534,103770.374086,83612.554039,3594.245536,-131.622416,0.666667,0.86906,0.5209194195841768,0.31015,0.60145,0.0884,1,1.0,1.0,1.0,0.0,1.0,24.09711354939846,29190628396.0
2025-03-02,94248.351562,95043.4375,85040.210938,86036.257812,58398341092,51.129177,-2824.441969,-2376.868741,93532.003906,92516.439294,103461.167833,83602.83998,4189.860491,-31.054228,0.44,0.58687,0.4976983745266503,0.0316,0.8372,0.1312,0,0.0,1.0,0.0,0.0,0.0,24.790553320435357,58398341092.0
2025-03-03,86065.671875,94429.75,85081.304688,94248.421875,70072228536,38.985434,-2983.451151,-2498.185224,93047.916016,91902.024755,103454.852854,82640.979177,4729.843192,-68.226122,0.516129,0.698432,0.5051676583122144,0.1523,0.6485,0.1992,1,0.0,1.0,0.0,0.0,1.0,24.97279238326152,70072228536.0
2025-03-04,87222.195312,88911.273438,81529.242188,86064.070312,68095241474,41.114247,-2981.830297,-2594.914238,92514.732813,91456.290128,102970.587153,82058.878472,5020.949777,-94.158072,0.44,0.584218,0.5031329142468419,0.2028,0.5573,0.2399,1,0.0,1.0,0.0,0.0,1.0,24.944173172109807,68095241474.0
2025-03-05,90623.5625,90998.242188,86379.773438,87222.953125,50498988027,46.973968,-2675.410212,-2611.013433,92214.717578,91376.976845,102517.344575,81912.090581,5219.152902,-39.715681,0.516129,0.542211,0.4990890459233298,0.1925,0.6098,0.1977,0,0.0,1.0,0.0,0.0,0.0,24.645219133977434,50498988027.0
2025-03-06,89961.726562,92804.9375,87852.140625,90622.359375,47749810486,46.014473,-2457.613146,-2580.333376,91837.355469,91242.182047,101872.90716,81801.803778,5406.886719,-22.775202,0.516129,0.543349,0.501024989217023,0.0791,0.8188,0.1021,0,0.0,1.0,0.0,0.0,0.0,24.58924093500664,47749810486.0
2025-03-07,86742.671875,91191.046875,84717.679688,89963.28125,65945677657,41.567153,-2515.6203,-2567.39076,91295.471484,90813.631217,101194.801031,81396.141938,5537.483817,-56.381698,0.516129,0.541265,0.5036364736126525,0.2714,0.657,0.0716,0,0.0,1.0,0.0,0.0,0.0,24.91209717428034,65945677657.0
2025-03-08,86154.59375,86847.265625,85247.484375,86742.65625,18206118081,40.791504,-2579.285987,-2569.769806,90794.449609,90369.888957,100668.205446,80920.693773,5567.124442,-71.880819,0.44,0.493768,0.501967301093508,0.2945,0.5051,0.2004,0,0.0,1.0,0.0,0.0,0.0,23.62502353289225,18206118081.0
2025-03-09,80601.039062,86471.132812,80052.484375,86154.304688,30899345977,34.285102,-3042.587057,-2664.333256,90035.832422,89439.476002,100605.783375,79465.881469,5925.497768,-118.094371,0.44,0.58597,0.5084938725245616,0.2083208320832083,0.5066506650665067,0.285028502850285,0,0.0,1.0,0.0,0.0,0.0,24.1540008548656,30899345977.0
2025-03-10,78532.0,83955.929688,77420.59375,80597.148438,54061099422,32.222958,-3535.87635,-2838.641875,89185.455078,88400.621992,100594.341781,77776.568375,6025.756696,-140.29231,0.516129,0.591467,0.5080440372965708,0.5544,0.3613,0.0843,1,0.0,1.0,0.0,0.0,1.0,24.713380714676337,54061099422.0
2025-03-11,82862.210938,83577.757812,76624.25,78523.875,54702837196,40.314108,-3536.762249,-2978.26595,88496.785156,87873.132785,99672.56816,77321.002153,6057.946987,-113.574722,0.44,0.562966,0.5043432895844732,0.2299,0.6324,0.1377,1,0.0,1.0,0.0,0.0,1.0,24.72518141334733,54702837196.0
2025-03-12,83722.359375,84358.578125,80635.25,82857.375,40353484454,41.800375,-3428.557977,-3068.324355,87766.20625,87477.806462,98114.018241,77418.394259,5812.873884,-78.290984,0.44,0.560069,0.5044337159317802,0.2311,0.6181,0.1508,0,0.0,1.0,0.0,0.0,0.0,24.42094358369601,40353484454.0
2025-03-13,81066.703125,84301.695312,79931.851562,83724.921875,31412940153,38.604116,-3516.485125,-3157.956509,87013.264063,86867.204831,96984.623992,77041.904133,5849.589844,-89.97101,0.44,0.561699,0.5092040636621041,0.2185,0.6087,0.1728,1,0.0,1.0,0.0,0.0,1.0,24.17048575178321,31412940153.0
2025-03-14,83969.101562,85263.289062,80797.5625,81066.992188,29588112414,43.673384,-3313.839198,-3189.133047,86382.83125,86591.186669,95352.036619,77413.625881,5683.75558,-57.869065,0.44,0.461107,0.5070750848034107,0.1325132513251325,0.5729572957295729,0.2945294529452945,1,0.0,1.0,0.0,0.0,1.0,24.110638510009142,29588112414.0
2025-03-15,84343.109375,84672.671875,83639.59375,83968.40625,13650491277,44.311471,-3087.478494,-3168.802136,85786.290625,86377.078225,93482.238167,78090.343083,5562.68471,-34.688189,0.44,0.420802,0.4968589679574077,0.2283,0.5451,0.2266,0,0.0,1.0,0.0,0.0,0.0,23.33704134899199,13650491277.0
2025-03-16,82579.6875,85051.601562,82017.90625,84333.320312,21330270174,41.901267,-3015.57892,-3138.157493,85344.366406,86015.413033,92685.518153,78003.21466,5064.861049,-51.818602,0.44,0.406823,0.5011388116818569,0.0134,0.9821,0.0045,1,0.0,1.0,0.0,0.0,1.0,23.783393035781707,21330270174.0
2025-03-17,84075.6875,84725.328125,82492.15625,82576.335938,25092785558,44.651706,-2805.570942,-3071.640183,85111.342188,85830.67314,92293.3169,77929.367475,4556.627232,-32.948952,0.44,0.356602,0.4975444404975079,0.2108,0.6103,0.1789,0,0.0,1.0,0.0,0.0,0.0,23.94584621384054,25092785558.0
2025-03-18,82718.5,84075.71875,81179.992188,84075.71875,24095774594,42.677783,-2717.302737,-3000.772694,85029.916016,85534.269706,92284.932717,77774.899314,4236.176897,-57.190096,0.44,0.37425,0.5021191502104269,0.1893810618938106,0.6638336166383362,0.1467853214678532,1,0.0,1.0,0.0,0.0,1.0,23.90530233406297,24095774594.0
2025-03-19,86854.226562,87021.1875,82569.726562,82718.804688,34931960257,49.94015,-2287.333614,-2858.084878,85137.416016,85659.982182,92435.698873,77839.133158,4224.247768,15.247727,0.44,0.324697,0.501360491997034,0.0436,0.7227,0.2337,0,0.0,1.0,0.0,0.0,0.0,24.27666801380116,34931960257.0
2025-03-20,84167.195312,87443.265625,83647.195312,86872.953125,29028988961,45.873622,-2138.704924,-2714.208887,85127.125391,85517.809652,92430.52504,77823.725741,4141.624442,1.915557,0.44,0.365533,0.5049558898753892,0.1275872412758724,0.6487351264873513,0.2236776322367763,0,0.0,1.0,0.0,0.0,0.0,24.091560787025447,29028988961.0
2025-03-21,84043.242188,84782.273438,83171.070312,84164.539062,19030452299,45.6888,-2007.771003,-2572.92131,85027.691797,85377.372552,92333.374373,77722.009221,3794.327009,-25.022465,0.44,0.324297,0.498119267267768,0.228,0.5758,0.1962,0,0.0,1.0,0.0,0.0,0.0,23.669306285707176,19030452299.0
2025-03-22,83832.484375,84513.875,83674.78125,84046.257812,9863214091,45.354206,-1899.116236,-2438.160295,84506.898438,85230.238352,90391.851236,78621.945639,3739.992188,-17.377587,0.44,0.282883,0.4975553351095599,0.0839,0.8165,0.0996,1,0.0,1.0,0.0,0.0,1.0,23.01207792526283,9863214091.0
2025-03-23,86054.375,86094.78125,83794.914062,83831.898438,12594615537,49.548925,-1615.127809,-2273.553798,84506.333594,85308.728518,90390.658579,78622.008608,3445.793527,30.685085,0.44,0.27203,0.4975108874130002,0.0644,0.4541,0.4815,1,0.0,1.0,0.0,0.0,1.0,23.256535221314863,12594615537.0
2025-03-24,87498.914062,88758.726562,85541.195312,86070.929688,34582604933,52.122118,-1259.006402,-2070.644319,84520.169531,85517.319931,90432.616471,78607.722592,3208.807478,90.684325,0.44,0.276181,0.5064079286352084,0.0508,0.7131,0.2361,0,0.0,1.0,0.0,0.0,0.0,24.2666166450179,34582604933.0
2025-03-25,87471.703125,88542.398438,86346.078125,87512.820312,30005840049,52.068245,-967.81681,-1850.078817,84362.576563,85703.453531,89733.24389,78991.909235,2869.008371,105.644732,0.44,0.262867,0.5098988399714027,0.0721,0.8115,0.1164,0,0.0,1.0,0.0,0.0,0.0,24.12465786799648,30005840049.0
2025-03-26,86900.882812,88292.15625,85861.453125,87460.234375,26704046038,50.880178,-774.177622,-1634.898578,84209.534375,85817.49545,89057.396638,79361.672112,2776.678013,106.687516,0.44,0.244508,0.5010758344776167,0.0365036503650365,0.7372737273727372,0.2262226222622262,1,0.0,1.0,0.0,0.0,1.0,24.00808092791324,26704046038.0
2025-03-27,87177.101562,87786.726562,85837.9375,86896.257812,24413471941,51.457382,-591.611503,-1426.241163,84231.255859,85946.98281,89130.528275,79331.983444,2603.745536,106.760927,0.44,0.239492,0.5035354688313779,0.2949,0.5553,0.1498,0,0.0,1.0,0.0,0.0,0.0,23.91840094564905,24413471941.0
2025-03-28,84353.148438,87489.859375,83557.640625,87185.234375,34198619509,45.562569,-667.082254,-1274.409381,84141.183594,85795.187933,88957.100238,79325.266949,2565.637835,39.668336,0.44,0.251112,0.5014255999953423,0.2346234623462346,0.6692669266926693,0.0961096109610961,0,0.0,1.0,0.0,0.0,0.0,24.255451114995594,34198619509.0
2025-03-29,82597.585938,84567.335938,81634.140625,84352.070312,16969396135,42.31707,-858.64066,-1191.255637,84241.010938,85490.652362,88825.1429,79656.878975,2701.360491,-50.666489,0.44,0.242476,0.5039005426085679,0.2503,0.566,0.1837,0,0.0,1.0,0.0,0.0,0.0,23.55467733135199,16969396135.0
2025-03-30,82334.523438,83505.0,81573.25,82596.984375,14763760943,41.836172,-1019.919774,-1156.988464,84431.137109,85190.066826,88273.742921,80588.531297,2622.650112,-79.727267,0.516129,0.23044,0.5051819985032768,0.0423,0.722,0.2357,1,0.0,1.0,0.0,0.0,1.0,23.41544143016514,14763760943.0
2025-03-31,82548.914062,83870.125,81293.890625,82336.0625,29004228247,42.410568,-1117.553787,-1149.101529,84415.472266,84938.527083,88287.450375,80543.494156,2647.154576,-82.06984,0.44,0.244134,0.511572058117638,0.2814,0.6402,0.0784,1,0.0,1.0,0.0,0.0,1.0,24.09070745796003,29004228247.0
2025-04-01,85169.171875,85487.367188,82429.359375,82551.921875,28175650319,49.035062,-972.304594,-1113.742142,84487.812891,84960.493363,88359.328658,80616.297123,2658.746094,-4.160504,0.44,0.244134,0.511572058117638,0.1964499999999999,0.63035,0.1732,0,1.0,1.0,1.0,0.0,0.0,24.06172397806107,28175650319.0
2025-04-02,82485.710938,88466.953125,82343.539062,85180.609375,47584398470,43.514539,-1061.47482,-1103.288677,84558.763281,84724.798737,88212.161242,80905.36532,2778.171317,-7.734754,0.545455,0.442527,0.5081948507781744,0.1115,0.6205,0.268,1,0.0,1.0,0.0,0.0,1.0,24.5857707812434,47584398470.0
2025-04-03,83102.828125,83909.296875,81282.101562,82487.476562,36852112080,45.046768,-1070.015317,-1096.634005,84515.449609,84570.324716,88218.48617,80812.413049,2694.680246,-90.01119,0.436364,0.440562,0.5109875504238064,0.369,0.4504,0.1806,1,0.0,1.0,0.0,0.0,1.0,24.33017876957021,36852112080.0
2025-04-04,83843.804688,84696.148438,81670.75,83100.25,45157640207,46.908983,-1005.406957,-1078.388596,84490.484375,84501.132077,88205.127359,80775.841391,2795.694196,-54.488694,0.436364,0.440627,0.5122957005154399,0.3497,0.445,0.2053,0,0.0,1.0,0.0,0.0,0.0,24.533425320832468,45157640207.0
2025-04-05,83504.796875,84207.015625,82377.734375,83844.703125,14380803631,46.138627,-970.371989,-1056.785274,84536.739844,84406.242694,88173.420319,80900.059369,2866.421875,-57.07841,0.436364,0.441183,0.5151836872052304,0.0853,0.7328,0.1819,0,0.0,1.0,0.0,0.0,0.0,23.38916007307417,14380803631.0
2025-04-06,78214.484375,83704.71875,77097.742188,83504.507812,36294853736,36.159119,-1353.861422,-1116.200504,84243.679688,83816.549645,88851.716671,79635.642704,3174.072545,-202.091612,0.481818,0.445638,0.5039192731957832,0.3920607939206079,0.5986401359864014,0.0092990700929907,1,0.0,1.0,0.0,0.0,1.0,24.314941797836276,36294853736.0
2025-04-07,79235.335938,81119.0625,74436.679688,78221.335938,91262424987,38.905208,-1557.455703,-1204.451544,84069.521484,83380.242386,89158.46172,78980.581248,3421.561942,-221.990903,0.545455,0.44249,0.5180324525773841,0.4588,0.5044,0.0368,0,0.0,1.0,0.0,0.0,0.0,25.23700498439156,91262424987.0
2025-04-08,76271.953125,80823.890625,76198.023438,79218.476562,48314590749,34.293728,-1935.602383,-1350.681712,83540.407812,82703.260783,89530.93542,77549.880205,3595.101004,-196.3477,0.545455,0.446165,0.5005416476539637,0.2948,0.5753,0.1299,1,0.0,1.0,0.0,0.0,1.0,24.600999437907497,48314590749.0
2025-04-09,82573.953125,83541.0,74589.671875,76273.5625,84213627038,48.322239,-1707.110133,-1421.967396,83460.745703,82690.945741,89458.547948,77462.943458,4060.859933,-101.486774,0.545455,0.439918,0.5067108306807212,0.1515,0.6826,0.1659,0,0.0,1.0,0.0,0.0,0.0,25.156622586418088,84213627038.0
2025-04-10,79626.140625,82700.929688,78456.132812,82565.976562,44718000633,43.629844,-1743.781709,-1486.330258,83239.890625,82399.058949,89468.248617,77011.532633,4224.860491,-89.110866,0.545455,0.445277,0.5111337462380309,0.1345,0.6189,0.2466,1,0.0,1.0,0.0,0.0,1.0,24.52364195625176,44718000633.0
2025-04-11,83404.835938,84247.476562,78936.320312,79625.046875,41656778779,50.29316,-1451.217172,-1479.307641,83218.508203,82494.847409,89441.233972,76995.782434,4323.356027,-29.110484,0.436364,0.43977,0.5085165466290371,0.2045,0.7095,0.086,1,0.0,1.0,0.0,0.0,1.0,24.4527299481383,41656778779.0
2025-04-12,85287.109375,85856.1875,82769.375,83404.515625,24258059104,53.257182,-1055.313998,-1394.508913,83180.144922,82760.77756,89338.383503,77021.906341,4334.328683,44.000085,0.436364,0.439915,0.4944478812237649,0.0477,0.6739,0.2784,0,0.0,1.0,0.0,0.0,0.0,23.91201473334592,24258059104.0
2025-04-13,83684.976562,86015.1875,83027.007812,85279.46875,28796984817,50.497038,-860.908668,-1287.788864,82989.448047,82848.796645,88811.625585,77167.270509,4409.787946,39.406121,0.436364,0.44106,0.4990291636052985,0.0478047804780478,0.6854685468546855,0.2667266726672667,1,0.0,1.0,0.0,0.0,1.0,24.083536524788087,28796984817.0
2025-04-14,84542.390625,85785.0,83690.640625,83694.523438,34090769777,51.93279,-630.390136,-1156.309118,82842.982422,83010.091528,88328.010754,77357.954089,4375.772879,61.432858,0.436364,0.438906,0.5002947009303611,0.1218,0.6477,0.2305,0,0.0,1.0,0.0,0.0,0.0,24.252292503598103,34090769777.0
2025-04-15,83668.992188,86429.351562,83598.820312,84539.695312,28040322885,50.331412,-512.271515,-1027.501598,82681.387891,83072.844049,87844.001994,77518.773788,4359.524554,65.589289,0.4,0.439935,0.504856976905758,0.1485,0.6276,0.2239,1,0.0,1.0,0.0,0.0,1.0,24.056909414239083,28040322885.0
2025-04-16,84033.867188,85428.28125,83100.617188,83674.507812,29617804112,51.011033,-384.784464,-898.958171,82524.226172,83164.370163,87286.43571,77762.016634,4088.399554,60.50891,0.4,0.439157,0.5079680899482414,0.2408,0.635,0.1242,1,0.0,1.0,0.0,0.0,1.0,24.11164150775769,29617804112.0
2025-04-17,84895.75,85449.070312,83749.75,84030.671875,21276866029,52.658863,-211.763827,-761.519302,82551.35625,83329.263647,87363.358488,77739.354012,4022.122768,81.701487,0.4,0.439622,0.4994404869846177,0.1333,0.7353,0.1314,0,0.0,1.0,0.0,0.0,0.0,23.780886217547803,21276866029.0
2025-04-18,84450.804688,85095.046875,84298.882812,84900.1875,12728372364,51.692185,-109.286581,-631.072758,82644.017187,83436.077176,87530.562248,77757.472127,3862.891741,72.406004,0.436364,0.441331,0.5022382414251183,0.1296129612961296,0.7134713471347135,0.1569156915691569,1,0.0,1.0,0.0,0.0,1.0,23.26709938313221,12728372364.0
2025-04-19,85063.414062,85597.703125,84353.460938,84450.867188,15259300427,52.972234,21.115449,-500.635116,82780.461719,83591.061769,87781.669681,77779.253756,3821.103237,79.026578,0.427273,0.44166,0.5005494212714061,0.1903,0.6278,0.1819,1,0.0,1.0,0.0,0.0,1.0,23.448455018239425,15259300427.0
2025-04-20,85174.304688,85306.382812,83976.84375,85066.070312,14664050812,53.213903,131.887441,-374.130605,82911.73125,83741.846921,88023.937926,77799.524574,3444.143415,66.361516,0.436364,0.443012,0.5029927430006993,0.026002600260026,0.8096809680968097,0.1643164316431643,1,0.0,1.0,0.0,0.0,1.0,23.408664812630565,14664050812.0
2025-04-21,87518.90625,88460.09375,85143.835938,85171.539062,41396190190,58.114916,404.202228,-218.464038,83029.217969,84101.567099,88458.060666,77600.375271,3203.705915,132.393323,0.436364,0.442817,0.4987995924396959,0.2832,0.5265,0.1903,1,0.0,1.0,0.0,0.0,1.0,24.4464546891712,41396190190.0
2025-04-22,93441.890625,93817.382812,87084.53125,87521.875,55899038456,67.404278,1085.429415,42.314652,83577.026953,84991.122262,90716.539545,76437.514362,3354.204799,237.385453,0.436364,0.443165,0.5010754224735534,0.1597,0.531,0.3093,1,0.0,1.0,0.0,0.0,1.0,24.74681301583251,55899038456.0
2025-04-23,93699.109375,94535.734375,91962.960938,93427.585938,41719568821,67.738899,1627.303306,359.312383,84106.841016,85820.454825,92551.554958,75662.127074,2898.59375,240.749429,0.436364,0.44924,0.5033595612547951,0.0627,0.5423,0.395,1,0.0,1.0,0.0,0.0,1.0,24.45423613198243,41719568821.0
2025-04-24,93943.796875,94016.195312,91696.710938,93692.398438,31483175315,68.074653,2052.822471,698.014401,84611.840625,86594.106834,94130.063477,75093.617773,2761.071429,198.60264,0.490909,0.45189,0.4933100111583862,0.0999,0.6495,0.2506,1,0.0,1.0,0.0,0.0,1.0,24.172719123134343,31483175315.0
2025-04-25,94720.5,95768.390625,92898.59375,93954.25,40915232364,69.171442,2424.770808,1043.365682,85172.625781,87368.049389,95685.810871,74659.440692,2586.688616,182.090446,0.545455,0.454791,0.4947707513310749,0.0544,0.3842,0.5614,0,0.0,1.0,0.0,0.0,0.0,24.43476826012263,40915232364.0
2025-04-26,94646.929688,95251.359375,93927.25,94714.648438,17612825123,68.929881,2682.681722,1371.22889,85994.248047,88061.276367,96782.633402,75205.862692,2460.78125,148.652945,0.436364,0.45825,0.4948663801842519,0.0012998700129987,0.3946605339466053,0.6040395960403959,0,0.0,1.0,0.0,0.0,0.0,23.59189317384469,17612825123.0
2025-04-27,93754.84375,95301.203125,93665.398438,94660.90625,18090367764,65.923595,2783.013923,1653.585897,86720.223437,88603.52108,97547.597378,75892.849497,2364.183036,120.300321,0.436364,0.461417,0.4943905113756382,0.097,0.6434,0.2596,1,0.0,1.0,0.0,0.0,1.0,23.618645465887155,18090367764.0
2025-04-28,94978.75,95598.492188,92860.804688,93755.304688,32363449569,67.986513,2927.539052,1908.376528,87655.563281,89210.685942,97898.833951,77412.292611,2409.730469,107.033624,0.436364,0.462182,0.4917164668080896,0.1169,0.5253,0.3578,0,0.0,1.0,0.0,0.0,0.0,24.200295523269933,32363449569.0
2025-04-29,94284.789062,95485.414062,93796.632812,94981.859375,25806129921,65.562929,2952.050452,2117.111313,88241.105078,89693.934004,98599.50884,77882.701316,2328.176897,93.872918,0.436364,0.466011,0.4936147618549742,0.0702,0.6144,0.3154,0,0.0,1.0,0.0,0.0,0.0,23.973877894529,25806129921.0
2025-04-30,94207.3125,95249.320312,92979.640625,94286.46875,28344679831,65.283124,2931.432476,2279.975545,88970.163672,90123.779692,98815.344167,79124.983177,2324.035156,78.588612,0.436364,0.467427,0.486927767561858,0.1427,0.5513,0.306,1,0.0,1.0,0.0,0.0,1.0,24.06770518926287,28344679831.0
2025-05-01,96492.335938,97437.960938,94153.632812,94212.859375,32875889623,69.427286,3064.151778,2436.810792,89624.538672,90730.309009,99650.316711,79598.760633,2437.25,95.235426,0.436364,0.467427,0.486927767561858,0.13705,0.44655,0.4164,1,1.0,1.0,1.0,0.0,1.0,24.216005387884287,32875889623.0
2025-05-02,96910.070312,97905.898438,96375.945312,96494.96875,26421924677,70.129284,3166.53828,2582.75629,90205.686719,91318.857836,100516.264705,79895.108732,2489.663504,99.558967,0.446154,0.491982,0.5076485856184062,0.1314,0.3418,0.5268,0,0.0,1.0,0.0,0.0,0.0,23.997459982668055,26421924677.0
2025-05-03,95891.796875,96943.882812,95821.289062,96904.632812,15775154889,66.142424,3129.440421,2692.093116,90816.027734,91754.375928,100944.933241,80687.122228,2480.97433,80.79222,0.446154,0.495228,0.5086572238317328,0.0476,0.5429,0.4095,0,0.0,1.0,0.0,0.0,0.0,23.48170206402596,15775154889.0
2025-05-04,94315.976562,96318.921875,94173.429688,95877.1875,18198688416,60.418084,2939.00628,2741.475749,91304.707031,91998.337938,101096.647028,81512.767035,2539.256696,57.665278,0.446154,0.497873,0.5143882475980682,0.0082008200820082,0.6277627762776278,0.364036403640364,1,0.0,1.0,0.0,0.0,1.0,23.624615363432355,18198688416.0
2025-05-05,94748.054688,95193.1875,93566.265625,94319.5625,25816260327,61.404416,2790.780349,2751.336669,91858.660156,92260.215767,101067.982011,82649.338302,2418.589844,47.055135,0.446154,0.497487,0.5202346893802506,0.0617,0.8042,0.1341,1,0.0,1.0,0.0,0.0,1.0,23.97427037562416,25816260327.0
2025-05-06,96802.476562,96889.179688,93399.859375,94748.382812,26551275827,65.77181,2806.729783,2762.415292,92497.090625,92692.812098,101177.585508,83816.595742,2186.90904,63.842105,0.446154,0.495554,0.5127679263955768,0.1295,0.7149,0.1556,1,0.0,1.0,0.0,0.0,1.0,24.002343637265124,26551275827.0
2025-05-07,97032.320312,97625.804688,95829.335938,96800.195312,76983822462,66.232189,2805.575252,2771.047284,93103.919141,93106.098651,101225.888325,84981.949956,2131.458705,84.206128,0.446154,0.497075,0.5086039332834849,0.0549,0.6505,0.2946,1,0.0,1.0,0.0,0.0,1.0,25.06686113884333,76983822462.0
2025-05-08,103241.460938,103969.539062,96913.875,97034.25,69895404397,75.729391,3268.012145,2870.440256,94043.451953,94071.371368,102297.054001,85789.849905,2469.757254,187.503404,0.446154,0.484747,0.5064447367157495,0.1075,0.4708,0.4217,0,0.0,1.0,0.0,0.0,0.0,24.97026573864574,69895404397.0
2025-05-09,102970.851562,104297.492188,102343.09375,103239.125,58198593958,74.742753,3571.490921,3010.650389,94938.823828,94918.941004,102972.998394,86904.649262,2404.371652,234.208623,0.446154,0.489682,0.4957260460880747,0.0368,0.3854,0.5778,1,0.0,1.0,0.0,0.0,1.0,24.787127032611902,58198593958.0
2025-05-10,104696.328125,104961.765625,102830.484375,102973.710938,42276713994,76.816796,3906.202726,3189.760856,95914.925,95850.120824,103693.57866,88136.27134,2462.026786,220.555996,0.25,0.483772,0.501074605478658,0.0,0.519,0.481,0,0.0,1.0,0.0,0.0,0.0,24.46750227484767,42276713994.0
2025-05-11,104106.359375,104937.992188,103364.742188,104701.070312,46285517406,74.562269,4076.863285,3367.181342,96744.297656,96636.429329,104287.292829,89201.302484,2457.558594,182.300429,0.446154,0.485972,0.4987236087370688,0.0,0.585058505850585,0.4149414941494149,0,0.0,1.0,0.0,0.0,0.0,24.558094950121912,46285517406.0
2025-05-12,102812.953125,105747.453125,100814.40625,104106.960938,63250475404,69.730431,4060.934324,3505.931939,97212.850781,97224.669739,105050.56706,89375.134503,2614.369978,131.50544,0.446154,0.489488,0.509744029737129,0.0028,0.5839,0.4133,1,0.0,1.0,0.0,0.0,1.0,24.870368480810377,63250475404.0
2025-05-13,104169.8125,104997.421875,101515.09375,102812.492188,52608876410,71.79533,4110.415055,3626.828562,97736.385938,97886.111955,105974.457885,89498.31399,2742.480469,116.926672,0.446154,0.489853,0.5030923989685441,0.0418,0.5851,0.3731,0,0.0,1.0,0.0,0.0,0.0,24.68615069551372,52608876410.0
2025-05-14,103539.414062,104303.5625,102618.296875,104167.328125,45956071155,69.425715,4052.051598,3711.873169,98216.166797,98424.521716,106639.821459,89792.512135,2700.736607,98.757056,0.446154,0.495782,0.5011694664693375,0.0982,0.5512,0.3506,1,0.0,1.0,0.0,0.0,1.0,24.550951802286928,45956071155.0
2025-05-15,103744.640625,104153.617188,101440.8125,103538.828125,50408241840,69.775454,3976.519305,3764.802396,98667.373828,98931.199738,107267.531485,90067.216171,2659.913504,80.599004,0.25,0.498579,0.5007204021073127,0.1201,0.63,0.2499,0,0.0,1.0,0.0,0.0,0.0,24.643420527245663,50408241840.0
2025-05-16,103489.289062,104533.484375,103137.476562,103735.65625,44386499364,68.7221,3851.655231,3782.172963,99109.491797,99365.303507,107748.453847,90470.529747,2650.345982,80.812793,0.25,0.502357,0.5003820472917336,0.1094,0.5608,0.3298,0,0.0,1.0,0.0,0.0,0.0,24.51620119179058,44386499364.0
2025-05-17,103191.085938,103716.945312,102659.179688,103489.289062,37898552742,67.441663,3686.145503,3762.967471,99581.303906,99729.663757,108017.259932,91145.34788,2645.715402,64.66239,0.073529,0.504705,0.5106471713357169,0.1171,0.6069,0.276,1,0.0,1.0,0.0,0.0,1.0,24.35817876210515,37898552742.0
2025-05-18,106446.007812,106597.171875,103142.601562,103186.953125,49887082058,73.291286,3774.116618,3765.197301,100154.666797,100369.315601,108828.901955,91480.431639,2739.220982,92.771186,0.0,0.501112,0.4991516947382513,0.0968096809680968,0.6384638463846384,0.2647264726472647,0,0.0,1.0,0.0,0.0,0.0,24.63302792961641,49887082058.0
2025-05-19,105606.179688,107068.71875,102112.6875,106430.53125,61761126647,69.806348,3733.035259,3758.764892,100720.736328,100868.064582,109258.652047,92182.820609,2977.014509,78.521947,0.0,0.505823,0.4993239781171449,0.05,0.6757,0.2743,1,0.0,1.0,0.0,0.0,1.0,24.84653998485405,61761126647.0
2025-05-20,106791.085938,107307.117188,104206.515625,105605.40625,36515726122,71.840773,3752.829551,3757.577824,101349.925,101432.161875,109719.832371,92980.017629,2949.248884,93.768247,0.0,0.503047,0.5027669146277669,0.0336,0.6787,0.2877,1,0.0,1.0,0.0,0.0,1.0,24.321008857429423,36515726122.0
2025-05-21,109678.078125,110724.460938,106127.234375,106791.3125,78086364051,76.071276,3955.87159,3797.236577,102009.212109,102217.487258,110833.003904,93185.420315,3149.303013,135.933113,0.0,0.500287,0.4997944953555236,0.2984,0.3468,0.3548,1,0.0,1.0,0.0,0.0,1.0,25.081081282543277,78086364051.0
2025-05-22,111673.28125,111970.171875,109285.070312,109673.492188,70157575642,78.477769,4229.030197,3883.595301,102747.372656,103118.039094,112221.181963,93273.56335,2837.119978,165.284982,0.0,0.50066,0.4981692355344377,0.1099,0.5931,0.297,0,0.0,1.0,0.0,0.0,0.0,24.97400962972403,70157575642.0
2025-05-23,107287.796875,111798.90625,106841.304688,111679.359375,67548133399,63.387867,4045.010546,3915.87835,103317.172656,103515.158893,112418.359857,94215.985456,3051.634487,118.964998,0.0,0.506417,0.5017316506495069,0.2409,0.4776,0.2815,1,0.0,1.0,0.0,0.0,1.0,24.93610626810628,67548133399.0
2025-05-24,107791.15625,109454.523438,106895.289062,107278.507812,45903627163,64.237847,3894.892583,3911.681197,103990.931641,103922.396747,112241.815037,95740.048245,3082.202567,103.04189,0.0,0.500623,0.5003432186251886,0.215,0.5162,0.2688,1,0.0,1.0,0.0,0.0,1.0,24.54980997407157,45903627163.0
2025-05-25,109035.390625,109313.304688,106683.375,107802.273438,47518041841,66.319331,3832.147591,3895.774476,104705.298437,104409.348556,112005.990669,97404.606206,3157.679688,100.526151,0.0,0.498706,0.5004771026301142,0.0528,0.7492,0.198,1,0.0,1.0,0.0,0.0,1.0,24.58437530412315,47518041841.0
2025-05-26,109440.367188,110376.882812,108735.640625,109023.78125,45950461571,66.992728,3771.62299,3870.944179,105337.192969,104888.493197,111909.158581,98765.227356,2922.550781,116.791259,0.0,0.498861,0.49905151573201,0.0995,0.7126,0.1879,0,0.0,1.0,0.0,0.0,0.0,24.55082973079015,45950461571.0
2025-05-27,108994.640625,110744.210938,107609.554688,109440.40625,57450176272,65.441878,3645.665468,3825.888437,105935.308984,105279.554864,111410.749562,100459.868407,2897.717076,94.745349,0.0,0.497826,0.4988339209740763,0.0733,0.7564,0.1703,0,0.0,1.0,0.0,0.0,0.0,24.77418390952193,57450176272.0
2025-05-28,107802.328125,109298.289062,106812.929688,108992.171875,49155377493,61.350527,3410.321594,3742.775068,106163.352344,105519.818988,111545.506147,100781.198541,2954.866629,55.923394,0.0,0.500091,0.5059553907255967,0.1149,0.6399,0.2452,0,0.0,1.0,0.0,0.0,0.0,24.618252087402173,49155377493.0
2025-05-29,105641.757812,108910.046875,105374.398438,107795.570312,56022752042,54.679421,3014.718267,3597.163708,106296.897656,105531.43221,111474.162033,101119.63328,3013.641183,14.395445,0.0,0.503225,0.5152368820539507,0.1056894310568943,0.6977302269773022,0.1965803419658034,0,0.0,1.0,0.0,0.0,0.0,24.7490237316517,56022752042.0
2025-05-30,103998.570312,106308.945312,103685.789062,105646.210938,57655287183,50.207903,2539.336499,3385.598266,106262.009766,105385.44536,111493.804425,101030.215106,3101.294643,-44.759637,0.132353,0.5064,0.5192745389490419,0.1982,0.5679,0.2339,1,0.0,1.0,0.0,0.0,1.0,24.77774779123418,57655287183.0
2025-05-31,104638.09375,104927.101562,103136.117188,103994.71875,38997843858,51.857999,2188.964164,3146.271446,106288.596484,105314.269016,111479.511534,101097.681434,3153.667411,-57.768078,0.0,0.506051,0.531763070326915,0.1295,0.6177,0.2528,1,0.0,1.0,0.0,0.0,1.0,24.386772195881083,38997843858.0
2025-06-01,105652.101562,105884.546875,103826.953125,104637.296875,37397056873,54.436321,1970.399919,2911.09714,106430.553906,105346.443544,111370.479036,101490.628777,3053.883371,-35.834121,0.0,0.506051,0.531763070326915,0.07435,0.68805,0.2376,1,1.0,1.0,1.0,0.0,1.0,24.344857845061867,37397056873.0
2025-06-02,105881.53125,105958.3125,103727.546875,105649.8125,45819706290,55.023261,1795.007496,2687.879211,106516.139844,105397.404279,111349.305124,101682.974564,2859.22154,-37.525542,0.0,0.518852,0.5076393118522897,0.0192,0.7584,0.2224,0,0.0,1.0,0.0,0.0,0.0,24.547980103890108,45819706290.0
2025-06-03,105432.46875,106813.578125,104920.84375,105888.476562,46196508367,53.568713,1601.313225,2470.566014,106610.792578,105400.743752,111269.49864,101952.086516,2772.945312,-25.264444,0.0,0.519068,0.5179799780697951,0.077,0.6722,0.2508,0,0.0,1.0,0.0,0.0,0.0,24.556170055727844,46196508367.0
2025-06-04,104731.984375,105997.695312,104232.703125,105434.367188,44544857105,51.290997,1375.430806,2251.538972,106660.159766,105337.052382,111210.652537,102109.666995,2570.642857,-55.47255,0.0,0.519878,0.5210739441469764,0.0003000300030003,0.9996999699969996,0.0,0,0.0,1.0,0.0,0.0,0.0,24.51976254325665,44544857105.0
2025-06-05,101575.953125,105936.6875,100436.882812,104750.78125,57479298400,42.518995,931.019931,1987.435164,106564.492969,104978.85245,111462.825007,101666.16093,2771.69308,-132.299535,0.448276,0.517834,0.5401599471833084,0.0,1.0,0.0,1,0.0,1.0,0.0,1.0,1.0,24.77469069211545,57479298400.0
2025-06-06,104390.34375,105376.773438,101169.570312,101574.367188,48856653697,50.627976,796.734544,1749.29504,106624.455859,104922.804002,111376.076269,101872.835449,2718.093192,-100.046751,0.448276,0.521501,0.5208330247780877,0.3333,0.5137,0.153,1,0.0,1.0,0.0,0.0,1.0,24.61215641287434,48856653697.0
2025-06-07,105615.625,105972.757812,103987.3125,104390.648438,38365033776,53.690954,780.18879,1555.47379,106582.936719,104988.786955,111355.587482,101810.285956,2677.108259,-45.971606,0.0,0.526303,0.5125026913989117,0.2222,0.3424666666666667,0.4353333333333333,1,0.0,1.0,0.0,0.0,1.0,24.37041230298749,38365033776.0
2025-06-08,105793.648438,106497.0625,105075.328125,105617.507812,36626232328,54.136159,772.535845,1398.886201,106592.310156,105065.44043,111357.614414,101827.005899,2590.808594,-27.448231,0.0,0.526065,0.5141977162315523,0.1111,0.1712333333333333,0.7176666666666667,1,0.0,1.0,0.0,0.0,1.0,24.32403055092578,36626232328.0
2025-06-09,110294.101562,110561.421875,105400.234375,105793.023438,55903193732,63.650102,1116.746488,1342.458258,106767.460938,105563.408159,111812.808644,101722.113231,2842.233259,68.700925,0.0,0.517066,0.5050577696452538,0.0,0.0,1.0,0,0.0,1.0,0.0,0.0,0.0,24.74688734844503,55903193732.0
2025-06-10,110257.234375,110380.125,108367.710938,110295.6875,54700101509,63.533833,1370.759763,1348.118559,106796.41875,106010.439229,111918.175011,101674.662489,2762.073103,95.849325,0.0,0.516006,0.5054351152547328,0.0,0.4627,0.5373,0,0.0,1.0,0.0,0.0,0.0,24.725131402131307,54700101509.0
2025-06-11,108686.625,110384.21875,108086.328125,110261.796875,50842662052,58.621014,1428.861081,1364.267064,106647.085938,106265.314066,111325.073026,101969.098849,2748.682478,83.139788,0.0,0.508283,0.5131621660238226,0.0,0.9254,0.0746,0,0.0,1.0,0.0,0.0,0.0,24.652001643285526,50842662052.0
2025-06-12,105929.054688,108780.695312,105785.6875,108685.914062,54843867968,51.143471,1238.121687,1339.037989,106579.148828,106233.289363,111257.422792,101900.874865,2710.06529,9.976836,0.448276,0.504668,0.5120979607309823,0.0,1.0,0.0,1,0.0,1.0,0.0,1.0,1.0,24.727756221046047,54843867968.0
2025-06-13,106090.96875,106182.546875,102822.023438,105924.59375,69550440846,51.534385,1087.48856,1288.728103,106494.139453,106219.735019,111141.368407,101846.9105,2762.734375,-50.225765,0.448276,0.502354,0.5234572555819297,0.0,1.0,0.0,0,0.0,1.0,0.0,1.0,0.0,24.96531809385796,69550440846.0
2025-06-14,105472.40625,106203.757812,104379.367188,106108.085938,38007870453,49.892004,907.734116,1212.529306,106315.990234,106148.56085,110824.128812,101807.851656,2765.120536,-34.462639,0.0,0.509589,0.5128502660472305,0.0,1.0,0.0,1,0.0,1.0,0.0,1.0,1.0,24.361059092437515,38007870453.0
2025-06-15,105552.023438,106157.101562,104519.882812,105464.84375,36744307742,50.112387,762.907541,1122.604953,106121.573047,106091.747763,110391.460064,101851.68603,2735.09375,-27.277019,0.0,0.511154,0.5138228322683005,0.0,1.0,0.0,1,0.0,1.0,0.0,1.0,1.0,24.327249159261413,36744307742.0
2025-06-16,106796.757812,108915.375,104997.625,105555.59375,50366626945,53.551871,740.040352,1046.092033,106011.678906,106158.891577,110078.528576,101944.829237,2855.592634,45.082365,0.224138,0.50987,0.510429641004852,0.0,1.0,0.0,0,0.0,1.0,0.0,1.0,0.0,24.64259462892664,50366626945.0
2025-06-17,104601.117188,107750.195312,103396.53125,106794.117188,55964092176,47.350415,538.540171,944.58166,105851.618359,106010.532111,109873.463623,101829.773096,3031.373326,-28.412353,0.0,0.507968,0.5210818561253012,0.0,1.0,0.0,1,0.0,1.0,0.0,1.0,1.0,24.747976110892782,55964092176.0
2025-06-18,104883.328125,105581.851562,103602.265625,104602.070312,47318089133,48.18104,397.044999,835.074328,105813.696875,105903.179351,109858.112662,101769.281088,3046.701451,-53.113635,0.0,0.509348,0.5298153850355299,0.0,1.0,0.0,0,0.0,1.0,0.0,1.0,0.0,24.58015849345763,47318089133.0
2025-06-19,104684.289062,105250.890625,103940.773438,104886.773438,37333806920,47.610532,265.784471,721.216357,105847.982813,105787.094561,109838.881342,101857.084283,2747.438058,-56.283046,0.0,0.514308,0.5393647309338802,0.00225,0.89775,0.1,0,0.0,1.0,0.0,0.0,0.0,24.343165104876867,37333806920.0
2025-06-20,103309.601562,106539.382812,102372.210938,104681.03125,50951862476,43.756796,50.254481,587.023982,105781.558203,105551.142847,109899.448333,101663.668073,2744.578683,-84.257531,0.448276,0.513099,0.5298593840175915,0.0045,0.7955,0.2,0,0.0,1.0,0.0,0.0,0.0,24.65414715094212,50951862476.0
2025-06-21,102257.40625,104015.78125,100973.0625,103315.078125,38360555118,41.019946,-203.116543,428.995877,105611.823438,105237.453646,110021.681557,101201.965318,2820.098214,-152.107501,0.448276,0.516403,0.5169570415037775,0.0036,0.8364,0.16,0,0.0,1.0,0.0,0.0,0.0,24.370295558155167,38360555118.0
2025-06-22,100987.140625,103351.632812,98286.203125,102212.03125,65536997201,37.935126,-500.643602,243.067981,105367.103906,104832.66193,110233.524331,100500.683481,3080.362165,-193.934141,0.448276,0.514258,0.5035330149377402,0.0026999999999999,0.8773,0.12,1,0.0,1.0,0.0,0.0,1.0,24.905880662902607,65536997201.0
2025-06-23,105577.773438,106116.859375,99705.75,100987.476562,65237759656,51.987553,-361.839228,122.086539,105374.369141,104903.62493,110241.634238,100507.104044,3169.642299,-61.312042,0.448276,0.518911,0.5036035298214498,0.0017999999999999,0.9182,0.08,1,0.0,1.0,0.0,0.0,1.0,24.901304274088133,65237759656.0
2025-06-24,106045.632812,106316.828125,104740.242188,105571.515625,48822986421,53.151749,-211.643727,55.340486,105440.051562,105012.387586,110306.270961,100573.832164,3138.511719,17.435368,0.448276,0.522511,0.4937534952703917,0.0,1.0,0.0,1,0.0,1.0,0.0,1.0,1.0,24.611467072141885,48822986421.0
2025-06-25,107361.257812,108168.398438,105881.390625,106047.40625,51624120283,56.356495,13.392835,46.950956,105729.316797,105236.089512,110307.680618,101150.952976,3137.734375,68.85198,0.448276,0.516538,0.5045207710642039,0.0,1.0,0.0,0,0.0,1.0,0.0,1.0,0.0,24.667254847578786,51624120283.0
2025-06-26,106960.0,108305.546875,106666.351562,107375.070312,43891990613,55.118068,157.54174,69.069113,105857.799609,105400.271464,110422.153446,101293.445773,3040.890625,67.791647,0.448276,0.514606,0.5044236375500243,0.0,1.0,0.0,1,0.0,1.0,0.0,1.0,1.0,24.50499769423187,43891990613.0
2025-06-27,107088.429688,107772.46875,106449.992188,106954.921875,45353692675,55.45547,278.928671,111.041024,105931.439844,105561.048438,110526.761089,101336.118599,2895.315848,53.294247,0.448276,0.512135,0.5054948743156116,0.0,1.0,0.0,1,0.0,1.0,0.0,1.0,1.0,24.537757436344776,45353692675.0
2025-06-28,107327.703125,107567.882812,106883.976562,107090.546875,30037708335,56.117354,389.941055,166.82103,106008.142578,105729.301265,110644.805191,101371.479965,2813.852679,53.988748,0.448276,0.513521,0.5155655297539886,0.0,1.0,0.0,1,0.0,1.0,0.0,1.0,1.0,24.12571937384845,30037708335.0
2025-06-29,108385.570312,108526.304688,107230.109375,107327.820312,35534874438,59.016801,556.861056,244.829036,105912.716016,105982.27927,110246.649066,101578.782965,2789.493862,87.734784,0.0,0.510819,0.5085333635567909,0.0,1.0,0.0,0,0.0,1.0,0.0,1.0,0.0,24.29378042977313,35534874438.0
2025-06-30,107135.335938,108798.789062,106759.648438,108383.4375,42064804590,54.438801,581.55905,312.175039,105756.621094,106092.094191,109632.369761,101880.872426,2655.307478,78.17853,0.0,0.505859,0.503837300542537,0.0,1.0,0.0,0,0.0,1.0,0.0,1.0,0.0,24.46247723253248,42064804590.0
2025-07-01,105698.28125,107550.679688,105270.226562,107144.382812,44110692247,49.669483,479.645044,345.66904,105607.203906,106054.588196,109229.46701,101984.940803,2507.220982,27.84403,0.0,0.505859,0.503837300542537,0.0,1.0,0.0,1,1.0,1.0,1.0,1.0,1.0,24.509968044615015,44110692247.0
2025-07-02,108859.320312,109763.65625,105157.398438,105703.101562,56248657737,58.319581,646.494492,405.83413,105753.717188,106321.705541,109656.943999,101850.490376,2694.840402,103.330151,0.484848,0.498417,0.4875112534670364,0.0,1.0,0.0,1,0.0,1.0,0.0,1.0,1.0,24.75304801531067,56248657737.0
2025-07-03,109647.976562,110541.460938,108605.796875,108845.015625,50494742270,60.159332,832.76228,491.21976,105931.567578,106638.493257,110205.99595,101657.139206,2739.522321,151.779475,0.484848,0.505656,0.4841230431029381,0.0,1.0,0.0,0,0.0,1.0,0.0,1.0,0.0,24.645135054362,50494742270.0
2025-07-04,108034.335938,109751.984375,107296.382812,109635.65625,42616442656,54.826912,840.484951,561.072798,106059.664062,106771.430655,110428.660973,101690.667152,2617.267299,90.745203,0.484848,0.503983,0.4917462745171356,0.0166,0.0088,0.9746,1,0.0,1.0,0.0,0.0,1.0,24.475505993615293,42616442656.0
2025-07-05,108231.179688,108381.34375,107842.273438,108015.835938,30615537520,55.346875,852.659936,619.390226,106193.621875,106910.454373,110660.282554,101726.961196,2438.435268,75.209614,0.0,0.511707,0.4900051308475394,0.01245,0.251125,0.736425,1,0.0,1.0,0.0,0.0,1.0,24.14477347916136,30615537520.0
2025-07-06,109232.070312,109731.625,107847.015625,108231.1875,36746020463,57.994456,932.324942,681.977169,106315.3875,107131.560653,110979.683742,101651.091258,2211.233817,96.05828,0.484848,0.518492,0.5093538437997897,0.0083,0.4934499999999999,0.49825,0,0.0,1.0,0.0,0.0,0.0,24.32729577004795,36746020463.0
2025-07-07,108299.851562,109710.25,107527.054688,109235.328125,45415696597,54.739012,909.750734,727.531882,106500.324219,107242.826454,111171.731657,101828.91678,1909.239955,73.842835,0.4,0.521203,0.5056987020001936,0.00415,0.735775,0.260075,1,0.0,1.0,0.0,0.0,1.0,24.53912362228345,45415696597.0
2025-07-08,108950.273438,109198.96875,107499.554688,108298.226562,44282204127,56.570769,933.582362,768.741978,106703.671484,107405.440452,111432.425588,101974.917381,1918.013393,69.733926,0.484848,0.523219,0.5098737051291578,0.0,0.9781,0.0219,1,0.0,1.0,0.0,0.0,1.0,24.513848720603114,44282204127.0
2025-07-09,111326.554688,111925.375,108357.679688,108950.273438,57927418065,62.536214,1131.175641,841.228711,107035.784766,107778.879903,112089.235012,101982.334519,2009.491071,131.896282,0.484848,0.515029,0.4895739437883793,0.0,0.5003500350035003,0.4996499649964996,1,0.0,1.0,0.0,0.0,1.0,24.78245665116697,57927418065.0
2025-07-10,115987.203125,116608.78125,110660.75,111329.195312,95911605728,70.961251,1644.883905,1001.959749,107669.664844,108560.624972,113817.147468,101522.182219,2317.265067,245.673928,0.627907,0.466557,0.4787558437416157,0.0,1.0,0.0,1,0.0,1.0,0.0,1.0,1.0,25.286692830585537,95911605728.0
2025-07-11,117516.992188,118856.476562,115245.6875,115986.234375,86928361085,73.099646,2150.651225,1231.698044,108432.644141,109413.612326,115474.539699,101390.748582,2480.71596,289.274887,0.627907,0.447999,0.4702576654462557,0.0211,0.9789,0.0,0,0.0,1.0,0.0,0.0,0.0,25.188350180598416,86928361085.0
2025-07-12,117435.226562,118219.898438,116977.023438,117530.710938,45524560304,72.791106,2515.876212,1488.533678,109255.048437,110177.575587,116475.317905,102034.77897,2520.642299,234.196835,0.627907,0.442725,0.4764868365604394,0.0422,0.9578,0.0,1,0.0,1.0,0.0,0.0,1.0,24.54151780419384,45524560304.0
2025-07-13,119116.117188,119449.570312,117265.4375,117432.203125,49021091807,75.11633,2907.438328,1772.314608,109931.965625,111028.865263,118167.733202,101696.198048,2584.066406,199.589581,0.627907,0.420936,0.4741981449656661,0.0633,0.9367,0.0,1,0.0,1.0,0.0,0.0,1.0,24.615516487503363,49021091807.0
2025-07-14,119849.703125,123091.609375,118959.195312,119115.789062,181746419401,76.077195,3239.604237,2065.772534,110622.169141,111868.94506,119751.79342,101492.544861,2733.585938,187.65301,0.627907,0.353882,0.4747368594309591,0.0844,0.9156,0.0,0,0.0,1.0,0.0,0.0,0.0,25.925878252489227,111077909744.61005
2025-07-15,117777.1875,119935.5625,115765.6875,119853.851562,98321661181,68.078991,3297.600739,2312.138175,111142.965625,112431.634816,120669.09427,101616.83698,2868.544643,113.096345,0.627907,0.382438,0.4683638829694558,0.0,1.0,0.0,1,0.0,1.0,0.0,1.0,1.0,25.31151019772867,98321661181.0
2025-07-16,118738.507812,120065.515625,117064.820312,117777.1875,72162029070,69.671716,3382.146616,2526.139863,111731.891016,113032.289387,121618.695091,101845.08694,2753.861607,107.19139,0.484848,0.399579,0.472917810772895,0.0,1.0,0.0,1,0.0,1.0,0.0,1.0,1.0,25.002179831360323,72162029070.0
2025-07-17,119289.84375,120999.609375,117508.21875,118738.507812,72363841798,70.578415,3453.824496,2711.67679,112341.961719,113628.246946,122523.724999,102160.198439,2864.984933,101.202682,0.484848,0.412552,0.4747095099031598,0.0,1.0,0.0,0,0.0,1.0,0.0,1.0,0.0,25.004972588919298,72363841798.0
2025-07-18,118003.226562,120851.914062,116925.984375,119284.109375,77945799785,65.646193,3367.986428,2842.938717,112875.737891,114044.911671,123069.990471,102681.48531,2970.008371,81.21549,0.484848,0.416301,0.4752744909769804,0.0,1.0,0.0,0,0.0,1.0,0.0,1.0,0.0,25.07927954756033,77945799785.0
2025-07-19,117939.976562,118541.398438,117388.414062,117998.125,47564562765,65.404217,3257.307185,2925.812411,113353.458203,114415.870232,123557.211965,103149.704441,3013.859375,65.127355,0.484848,0.446794,0.4819437008746171,0.0,1.0,0.0,0,0.0,1.0,0.0,1.0,0.0,24.585353841215262,47564562765.0
2025-07-20,117300.789062,118865.03125,116550.132812,117944.109375,57515447231,62.881671,3082.483053,2957.146539,113861.730859,114690.624407,123769.764399,103953.697319,3044.594308,54.212218,0.484848,0.455578,0.4846991055001135,0.0,1.0,0.0,1,0.0,1.0,0.0,1.0,1.0,24.77531939618348,57515447231.0
2025-07-21,117439.539062,119671.5625,116584.398438,117306.46875,69820091744,63.213346,2921.452943,2950.00782,114448.79375,114952.425802,123689.086594,105208.500906,3109.163504,53.834076,0.484848,0.458183,0.4835931980208784,0.0,1.0,0.0,1,0.0,1.0,0.0,1.0,1.0,24.96918765264421,69820091744.0
2025-07-22,119995.414062,120269.96875,116233.226562,117426.5,79217583118,68.752369,2965.884302,2953.183117,115005.598437,115432.710399,124169.503152,105841.693723,3276.115513,62.742445,0.484848,0.454296,0.4816075444841987,0.0057,0.9943,0.0,0,0.0,1.0,0.0,0.0,0.0,25.095464120204703,79217583118.0
2025-07-23,118754.960938,120113.351562,117391.390625,119997.445312,66608604537,63.736389,2867.94242,2936.134977,115460.947656,115749.115212,124406.375296,106515.520016,3215.705915,57.03367,0.484848,0.464383,0.4813986678563394,0.00285,0.99695,0.0002,0,0.0,1.0,0.0,0.0,0.0,24.92209960341477,66608604537.0
2025-07-24,118368.0,119535.453125,117247.96875,118770.984375,72627318560,62.211596,2727.655545,2894.439091,115977.630859,115998.532811,124288.123536,107667.138183,2954.238281,47.186139,0.484848,0.461227,0.4847278284233048,0.0,0.9996,0.0004,0,0.0,1.0,0.0,0.0,0.0,25.008606976717324,72627318560.0
2025-07-25,117635.882812,118486.976562,114759.820312,118368.0,104857024569,59.320095,2528.257271,2821.202727,116447.866016,116154.470906,123936.457229,108959.274802,2962.550223,14.890941,0.627907,0.441874,0.4804674783202435,0.0,1.0,0.0,1,0.0,1.0,0.0,1.0,1.0,25.37586358842596,104857024569.0
2025-07-26,117947.367188,118335.6875,117181.226562,117644.84375,48508954046,60.168339,2368.06926,2730.576034,116883.630859,116325.222933,123576.253953,110191.007766,2956.234933,29.376437,0.484848,0.470997,0.4822875513260835,0.0,1.0,0.0,1,0.0,1.0,0.0,1.0,1.0,24.60501423737553,48508954046.0
2025-07-27,119448.492188,119815.59375,117859.6875,117944.726562,54683390892,64.057973,2335.32715,2651.526257,117441.062891,116622.677148,122859.177839,112022.947942,2939.933036,64.203858,0.484848,0.456166,0.4812264678421245,0.0,1.0,0.0,0,0.0,1.0,0.0,1.0,0.0,24.724825860284675,54683390892.0
2025-07-28,117924.476562,119819.789062,117441.4375,119457.523438,64822943193,57.878456,2161.48719,2553.518444,117889.773047,116746.658044,121547.618911,114231.927182,2814.642857,35.533771,0.484848,0.424737,0.4833828692738471,0.0,1.0,0.0,0,0.0,1.0,0.0,1.0,0.0,24.89492543927541,64822943193.0
2025-07-29,117922.148438,119273.867188,116987.367188,117938.585938,68463107433,57.869272,2000.46974,2442.908703,118219.552734,116858.60951,120182.597782,116256.507686,2680.116071,-4.94238,0.484848,0.404067,0.495079045380181,0.0,1.0,0.0,0,0.0,1.0,0.0,1.0,0.0,24.949560859523736,68463107433.0
2025-07-30,117831.1875,118780.726562,115800.828125,117921.992188,68896148592,57.485472,1844.262947,2323.179552,118311.751953,116951.235986,119985.183454,116638.320452,2678.63058,-83.406501,0.484848,0.410513,0.4973455637087137,0.0,1.0,0.0,0,0.0,1.0,0.0,1.0,0.0,24.95586611489857,68896148592.0
2025-07-31,115758.203125,118919.984375,115505.21875,117833.632812,69370346018,49.438246,1535.495193,2165.64268,118223.8125,116837.613808,120225.710193,116221.914807,2673.157366,-152.538122,0.484848,0.418291,0.5203982948647173,0.0,0.9339,0.0661,0,0.0,1.0,0.0,0.0,0.0,24.96272532235194,69370346018.0
2025-08-01,113320.085938,116060.773438,112724.445312,115738.953125,91294530181,41.992575,1081.590936,1948.832331,118018.055469,116502.611154,120977.928175,115058.182762,2631.042969,-320.436751,0.484848,0.418291,0.5203982948647173,0.0,0.7485,0.2515,0,1.0,1.0,1.0,0.0,0.0,25.237356712369284,91294530181.0
2025-08-02,112526.914062,114021.601562,112005.765625,113320.390625,56870866000,39.887926,650.369151,1689.139695,117688.595312,116123.973336,121483.052075,113894.13855,2692.675223,-296.505744,0.606061,0.597616,0.5651389834971763,0.0,0.3802,0.6197999999999999,1,0.0,1.0,0.0,0.0,1.0,24.76404902587909,56870866000.0
2025-08-03,114217.671875,114747.421875,111943.804688,112525.804688,48099615826,46.090491,439.980977,1439.307951,117406.99375,115942.420816,121358.834596,113455.152904,2727.583705,-195.345427,0.606061,0.612505,0.5509717778693501,0.0,0.0119,0.9881,1,0.0,1.0,0.0,0.0,1.0,24.59654002706157,48099615826.0
2025-08-04,115071.882812,115729.46875,114130.40625,114223.921875,35783028986,48.956131,338.275092,1219.101379,117271.728516,115859.512434,121353.284845,113190.172186,2621.290737,-105.965077,0.44,0.622152,0.5390442902887541,0.0,0.5012,0.4987999999999999,0,0.0,1.0,0.0,0.0,0.0,24.30073956731308,35783028986.0
2025-08-05,114141.445312,115117.4375,112701.109375,115072.1875,61039182286,46.082699,180.513073,1011.383718,117041.875391,115695.886994,121290.003575,112793.747207,2505.546875,-126.113172,0.44,0.639285,0.5416456778026149,0.0,0.9905,0.0095,1,0.0,1.0,0.0,0.0,1.0,24.83478182748622,61039182286.0
2025-08-06,115028.0,115737.835938,113372.25,114140.914062,56379133510,49.145549,125.575533,834.222081,116828.783203,115632.278709,121029.421847,112628.14456,2480.091518,-83.624732,0.44,0.630341,0.532876634866639,0.0,0.7462,0.2538,1,0.0,1.0,0.0,0.0,1.0,24.75536495378423,56379133510.0
2025-08-07,117496.898438,117676.90625,114279.710938,115030.054688,64051649681,56.548207,278.051404,722.987946,116803.466797,115809.86154,120980.33861,112626.594984,2559.356585,-9.890046,0.606061,0.608235,0.5338177708537508,0.0,0.70645,0.29355,0,0.0,1.0,0.0,0.0,0.0,24.88295562111672,64051649681.0
2025-08-08,116688.726562,117689.203125,115917.460938,117505.5,59713005166,53.788075,329.874328,644.365222,116740.904297,115893.562971,120883.442439,112598.366155,2419.684152,4.031445,0.44,0.60628,0.5268270325193556,0.0,0.6667,0.3333,0,0.0,1.0,0.0,0.0,0.0,24.812815675614143,59713005166.0
2025-08-09,116500.359375,117906.609375,116363.835938,116678.273438,54004312429,53.137054,351.69064,585.830306,116700.882812,115951.353105,120836.105386,112565.660239,2447.420759,12.160281,0.44,0.59363,0.5206686226743994,0.0,0.6728,0.3272,1,0.0,1.0,0.0,0.0,1.0,24.71232974013688,54004312429.0
2025-08-10,119306.757812,119320.710938,116485.164062,116497.71875,64755458694,60.757703,588.647561,586.393757,116794.24375,116270.915458,121081.211968,112507.275532,2510.252232,71.601478,0.606061,0.561686,0.5158229074508922,0.0,0.6789000000000001,0.3211,0,0.0,1.0,0.0,0.0,0.0,24.893883838142543,64755458694.0
2025-08-11,118731.445312,122321.09375,118159.03125,119306.8125,90528784177,58.65206,721.695461,613.454098,116731.045313,116505.251635,120853.419081,112608.671544,2637.660156,124.406297,0.606061,0.554928,0.5042311518154707,0.0,0.685,0.315,1,0.0,1.0,0.0,0.0,1.0,25.228933694298288,90528784177.0
2025-08-12,120172.90625,120302.46875,118228.71875,118717.664062,72803657984,62.18794,932.699156,677.303109,116801.942578,116854.552074,121115.226341,112488.658815,2622.463728,113.675755,0.44,0.527362,0.5037809448773969,0.0,1.0,0.0,1,0.0,1.0,0.0,1.0,1.0,25.01103203793341,72803657984.0
2025-08-13,123344.0625,123682.453125,118939.632812,120168.976562,90904808795,68.558119,1340.35612,809.913711,117050.745703,117472.600686,122231.27031,111870.221096,2748.386719,185.887639,0.606061,0.492472,0.5053802665870062,1.0,0.0,0.0,0,0.0,1.0,0.0,0.0,0.0,25.233078738776783,90904808795.0
2025-08-14,118359.578125,124457.117188,117254.882812,123339.398438,104055627395,53.345435,1246.848081,897.300585,117086.930469,117557.074728,122294.701733,111879.159204,3018.920201,99.713612,0.606061,0.530326,0.507755397149549,0.5,5e-05,0.49995,0,0.0,1.0,0.0,0.0,0.0,25.368191471898797,104055627395.0
2025-08-15,117398.351562,119332.3125,116864.570312,118365.78125,68665353159,50.995432,1082.69866,934.3802,117059.479688,117541.958236,122253.925065,111865.03431,2956.878348,26.514592,0.44,0.526533,0.5225508851934174,0.0,0.0001,0.9999,1,0.0,1.0,0.0,0.0,1.0,24.95251058814706,68665353159.0
2025-08-16,117491.351562,117996.0625,117271.953125,117398.421875,48036922378,51.219336,949.171921,937.338544,116961.622656,117537.138553,122038.989583,111884.25573,2864.612165,20.300348,0.44,0.536576,0.5206424833133173,0.0003000300030003,0.3330999699969997,0.6666000000000001,0,0.0,1.0,0.0,0.0,0.0,24.59523576838829,48036922378.0
2025-08-17,117453.0625,118595.773438,117279.523438,117492.789062,45852169525,51.115784,830.685783,916.007992,116938.051953,117529.13131,122000.954693,111875.149214,2758.371652,28.513073,0.44,0.552019,0.5188984244888856,0.0006000600060006,0.6660999399939994,0.3333,0,0.0,1.0,0.0,0.0,0.0,24.548688352435644,45852169525.0
2025-08-18,116252.3125,117614.171875,114723.679688,117453.90625,72787808090,47.848742,632.601933,859.32678,116854.560156,117407.529518,121904.188591,111804.931721,2850.616629,-24.816895,0.44,0.580095,0.5440972573419758,0.0009000900090009,0.9990999099909992,0.0,0,0.0,1.0,0.0,0.0,0.0,25.010814306846697,72787808090.0
2025-08-19,112831.179688,116764.5,112730.398438,116241.859375,71657600353,40.003599,197.288016,726.919027,116604.559766,116971.686677,121937.729759,111271.389772,2966.171875,-89.345757,0.606061,0.635639,0.5644810712655033,0.0,0.9996,0.0004,1,0.0,1.0,0.0,0.0,1.0,24.995165061714943,71657600353.0
2025-08-20,114274.742188,114625.796875,112387.960938,112828.023438,67993811526,44.163641,-30.86221,575.36278,116530.386719,116714.834821,121953.621972,111107.151466,2957.046875,-89.361597,0.606061,0.639031,0.5223513777246404,0.0,1.0,0.0,0,0.0,1.0,0.0,1.0,0.0,24.94268253102525,67993811526.0
2025-08-21,112419.03125,114802.648438,111986.234375,114275.6875,57817883700,40.295612,-357.294602,388.831304,116485.333984,116305.710671,122034.371845,110936.296123,2915.5625,-107.438136,0.606061,0.68351,0.5209045443972119,0.0,1.0,0.0,1,0.0,1.0,0.0,1.0,1.0,24.78056397136009,57817883700.0
2025-08-22,116874.085938,117377.398438,111678.945312,112433.734375,82528088240,51.318931,-253.585765,260.34789,116702.692578,116359.841649,121930.116121,111475.269035,3196.041853,-44.016091,0.606061,0.645466,0.5010709300481878,0.0,1.0,0.0,0,0.0,1.0,0.0,1.0,0.0,25.136404535869765,82528088240.0
2025-08-23,115374.328125,116996.25,114536.109375,116866.367188,55377142586,48.099359,-289.081336,150.462045,116760.525391,116265.983218,121896.992061,111624.058721,3261.56808,-38.473739,0.606061,0.665237,0.5081948849013582,0.0,0.9997,0.0003,0,0.0,1.0,0.0,0.0,0.0,24.73743275687921,55377142586.0
2025-08-24,113458.429688,115615.085938,111060.546875,115387.390625,73961489632,44.277783,-466.432085,27.083219,116679.852734,115998.597168,121976.182894,111383.522575,3384.353237,-109.592799,0.606061,0.684114,0.510873392301928,0.0,0.9994,0.0006,0,0.0,1.0,0.0,0.0,0.0,25.026810384325245,73961489632.0
2025-08-25,110124.351562,113637.84375,109324.28125,113456.898438,85706860190,38.539324,-866.032983,-151.540022,116478.998047,115439.145205,122443.225068,110514.771026,3395.174665,-170.428072,0.606061,0.731511,0.5152160261567371,0.0,0.9991,0.0009,1,0.0,1.0,0.0,0.0,1.0,25.174198708249552,85706860190.0
2025-08-26,111802.65625,112397.015625,108762.039062,110124.101562,69396320317,42.573905,-1035.359432,-328.303904,116317.730859,115092.812924,122612.417908,110023.043811,3506.690848,-151.664293,0.606061,0.728359,0.5210204831561935,0.0002000200020002,0.999799979998,0.0,0,0.0,1.0,0.0,0.0,0.0,24.96309968169902,69396320317.0
2025-08-27,111222.0625,112619.414062,110398.265625,111795.710938,62137056409,41.557569,-1202.538808,-503.150884,116003.989062,114724.170026,122666.000383,109341.977742,3326.571429,-119.622354,0.627451,0.749194,0.5075408239382802,0.0042,0.9783,0.0175,1,0.0,1.0,0.0,0.0,1.0,24.85260836949642,62137056409.0
2025-08-28,112544.804688,113450.078125,110900.921875,111219.054688,58860155962,44.791195,-1214.297759,-645.380259,115796.792969,114516.611423,122624.829015,108968.756923,2994.208705,-86.060671,0.606061,0.740923,0.5107001762132477,0.0027999999999999,0.9855333333333332,0.0116666666666666,0,0.0,1.0,0.0,0.0,0.0,24.798430229476395,58860155962.0
2025-08-29,108410.835938,112619.054688,107559.625,112550.523438,77843379644,37.759439,-1539.447746,-824.193757,115392.316797,113935.108995,122962.89973,107821.733864,3179.329241,-132.570301,0.606061,0.793475,0.5278152363241893,0.0013999999999999,0.9927666666666668,0.0058333333333333,1,0.0,1.0,0.0,0.0,1.0,25.077964691725928,77843379644.0
2025-08-30,108808.070312,108929.351562,107444.445312,108409.40625,51486264208,38.75441,-1744.96311,-1008.347627,114867.382422,113446.819597,122744.845674,106989.91917,3233.671875,-137.879119,0.606061,0.790617,0.5221044051182979,0.0,1.0,0.0,0,0.0,1.0,0.0,1.0,0.0,24.664580894653145,51486264208.0
