Date,close,ret,open,high,low,volume,SMA20,EMA20,RSI,MACD,MACD_SIGNAL,BB_UPPER,BB_LOWER,ATR,CCI,proba_lstm,signal,proba_rfc_cal,proba_sgd_cal,proba_xgb_cal,proba_sentiment_pos,proba_sentiment_neu,proba_sentiment_neg
2024-12-02,95865.304688,0.000000,97276.007812,98152.601562,94482.867188,72680784305,94179.131641,92535.185625,62.798383,4720.297400,5456.067415,101113.637747,87244.625534,3379.304129,47.572258,,,0.512821,0.568553,0.487830,0.212943,0.783903,0.003154
2024-12-03,96002.164062,0.001428,95854.593750,96297.203125,93629.562500,67067810961,94450.031641,92865.374047,63.021419,4440.582320,5252.970396,101214.442380,87685.620901,3314.429688,22.941882,,,0.512821,0.568406,0.472014,0.261047,0.667545,0.071407
2024-12-04,98768.531250,0.028816,95988.531250,99207.328125,94660.523438,77199817112,95025.936719,93427.579495,67.290264,4391.506266,5080.677570,101139.403950,88912.469488,3404.735491,75.600867,,,0.500000,0.567183,0.468294,0.306102,0.617432,0.076464
2024-12-05,96593.570312,-0.022021,98741.539062,103900.468750,91998.781250,149218945580,95302.314844,93729.102430,61.298731,4129.509554,4890.443967,101156.283867,89448.345820,3906.169085,69.859811,,,0.512821,0.566610,0.469354,0.376648,0.592357,0.030999
2024-12-06,99920.710938,0.034445,97074.226562,102039.882812,96514.875000,94534772658,95770.426562,94318.779431,66.249476,4142.594463,4740.874066,101523.604861,90017.248264,4127.038504,123.587266,,,0.500000,0.566202,0.435367,0.556728,0.373394,0.069859
2024-12-07,99923.335938,0.000026,99916.710938,100563.382812,99030.882812,44177510897,96274.300781,94852.546717,66.253144,4105.846521,4613.868557,101591.379922,90957.221641,4109.232143,129.723842,,,0.500000,0.567304,0.384345,0.269500,0.659213,0.071273
2024-12-08,101236.015625,0.013137,99921.914062,101399.992188,98771.515625,44125751925,96808.969531,95460.496137,68.119037,4134.980313,4518.090908,101842.292027,91775.647035,4092.758929,146.304755,,,0.500000,0.566825,0.390728,0.418184,0.577389,0.004432
2024-12-09,97432.718750,-0.037569,101237.062500,101272.507812,94355.914062,110676473908,97063.416016,95648.326862,58.096269,3807.286750,4375.930077,101640.118094,92486.713937,4137.364397,34.453063,,,0.512821,0.566729,0.484110,0.226707,0.625040,0.148247
2024-12-10,96675.429688,-0.007772,97441.234375,98270.156250,94321.257812,104823780634,97180.212891,95746.146179,56.319368,3446.748371,4190.093736,101580.031099,92780.394682,4117.933036,-30.245467,,,0.512821,0.566418,0.408704,0.113588,0.642851,0.243553
2024-12-11,101173.031250,0.046523,96656.062500,101913.359375,95747.226562,85391409936,97313.628125,96262.992376,63.466202,3483.779130,4048.830814,102032.786631,92594.469619,4159.619978,111.258557,,,0.512821,0.565446,0.428696,0.402990,0.541715,0.055290
2024-12-12,100043.000000,-0.011169,101167.804688,102524.914062,99339.953125,72073983533,97365.894922,96622.993102,60.775607,3382.945703,3915.653792,102185.668408,92546.121435,4246.199219,143.643781,,,0.512821,0.566309,0.460068,0.351366,0.584250,0.064391
2024-12-13,101459.257812,0.014156,100046.648438,101888.804688,99233.281250,56894751583,97549.993750,97083.589741,62.898526,3378.370898,3808.197213,102705.513258,92394.474242,4201.215960,134.853520,,,0.508547,0.566097,0.389901,0.407416,0.484899,0.107704
2024-12-14,101372.968750,-0.000850,101451.437500,102618.882812,100634.054688,40422968793,97717.951172,97492.102028,62.675951,3329.403238,3712.438418,103148.621781,92287.280563,4246.194754,136.028981,,,0.500000,0.566559,0.405717,0.320965,0.679029,0.000006
2024-12-15,104298.695312,0.028861,101373.531250,105047.539062,101227.031250,51145914137,98277.771094,98140.349007,66.946781,3486.487637,3667.248262,104005.300780,92550.241407,4367.806920,168.760801,,,0.500000,0.565539,0.389901,0.424661,0.575311,0.000028
2024-12-16,106029.718750,0.016597,104293.578125,107780.578125,103322.984375,91020417816,98979.991016,98891.717554,69.192878,3707.914747,3675.381559,104899.758645,93060.223386,4424.082589,199.564779,,,0.512821,0.564514,0.467466,0.466152,0.522918,0.010931
2024-12-17,106140.601562,0.001046,106030.687500,108268.445312,105291.734375,68589364868,99488.894531,99582.087460,69.336619,3847.987439,3709.902735,106033.429510,92944.359552,4446.159040,190.393090,,,0.512821,0.565219,0.469901,0.331228,0.452396,0.216374
2024-12-18,100041.539062,-0.057462,106147.296875,106470.609375,100041.539062,93865656139,99708.348047,99625.844755,54.322688,3427.344393,3653.391067,106000.716227,93415.979867,4580.606585,69.070380,,,0.512821,0.566625,0.485473,0.226479,0.715979,0.057548
2024-12-19,97490.953125,-0.025495,100070.687500,102748.148438,95587.679688,97221662392,99709.819531,99422.521743,49.495857,2855.257152,3493.764284,105999.988776,93419.650287,4241.948103,-29.013449,,,0.512821,0.566757,0.392014,0.222140,0.612676,0.165181
2024-12-20,97755.929688,0.002718,97484.695312,98098.914062,92175.179688,105634083408,99775.163281,99263.798690,49.992980,2395.639841,3274.139395,105948.779306,93601.547257,4270.428571,-98.050324,,,0.512821,0.566474,0.405129,0.197695,0.528578,0.273725
2024-12-21,97224.726562,-0.005434,97756.195312,99507.101562,96426.523438,51765334294,99772.410156,99069.601344,48.952697,1965.864891,3012.484494,105950.759003,93594.061309,4381.005580,-53.514512,,,0.512821,0.567428,0.466538,0.410718,0.501041,0.088232
2024-12-22,95104.937500,-0.021803,97218.320312,97360.265625,94202.187500,43147981314,99734.391797,98692.014312,44.934433,1437.643624,2697.516320,106022.356804,93446.426789,4418.834263,-110.777546,,,0.512821,0.568177,0.502693,0.395680,0.604160,0.000180
2024-12-23,94686.242188,-0.004402,95099.390625,96416.210938,92403.132812,65239002919,99668.595703,98310.512205,44.163328,974.011455,2352.815347,106145.690598,93191.500809,4211.440290,-136.190234,,,0.512821,0.567515,0.502693,0.502802,0.316039,0.181153
2024-12-24,98676.093750,0.042138,94684.343750,99404.062500,93448.015625,47114953674,99663.973828,98345.329495,52.524176,917.945789,2065.841435,106143.904280,93184.043376,4354.808036,-63.776607,,,0.512821,0.566511,0.467662,0.589204,0.410587,0.000208
2024-12-25,99299.195312,0.006315,98675.914062,99478.750000,97593.468750,33700394629,99799.255078,98436.173858,53.690417,913.264884,1835.326125,106120.310685,93478.199471,4049.032924,-23.240724,,,0.512821,0.566573,0.494045,0.415808,0.581892,0.002300
2024-12-26,95795.515625,-0.035284,99297.695312,99884.570312,95137.882812,47054980873,99592.995313,98184.682598,46.737993,619.694116,1592.199723,106161.726668,93024.263957,4160.584821,-66.713225,,,0.512821,0.567219,0.502693,0.254485,0.421455,0.324036
2024-12-27,94164.859375,-0.017022,95704.976562,97294.843750,93310.742188,52419934565,99305.071484,97801.842291,43.889453,252.545647,1324.268908,106303.592116,92306.550852,4255.483259,-104.818673,,,0.512821,0.566995,0.502693,0.292134,0.534129,0.173722
2024-12-28,95163.929688,0.010610,94160.187500,95525.898438,94014.289062,24107436185,99001.467188,97550.612519,46.058619,41.713616,1067.757850,106172.000914,91830.933461,4221.681920,-95.099678,,,0.512821,0.566896,0.502693,0.172408,0.617275,0.210325
2024-12-29,93530.226562,-0.017167,95174.054688,95174.875000,92881.789062,29635885267,98806.342578,97167.718619,43.122878,-254.267439,803.352792,106358.834829,91253.850327,4112.580357,-108.990088,,,0.512821,0.567299,0.502693,0.495300,0.503962,0.000737
2024-12-30,92643.210938,-0.009484,93527.195312,94903.320312,91317.132812,56188003691,98604.731641,96736.813125,41.573470,-554.022875,531.877659,106599.086539,90610.376742,4050.337054,-119.088746,,,0.512821,0.566694,0.497765,0.322544,0.496151,0.181300
2025-01-01,94419.757812,0.019176,93425.101562,94929.867188,92788.125000,24519888919,97936.378125,96425.334156,43.425930,-1393.378495,-982.220340,106274.906556,89597.849694,3829.803571,-78.379768,,,0.500000,0.500000,0.500000,0.000000,1.000000,0.000000
2025-01-02,96886.875000,0.026129,94416.289062,97739.820312,94201.570312,46009564411,97707.758984,96470.968953,49.912840,-1174.367966,-1020.674238,105888.840616,89526.677353,3571.073661,-30.887483,,,0.545455,0.530301,0.498455,0.511400,0.332600,0.156000
2025-01-03,98107.429688,0.012598,96881.726562,98956.914062,96034.617188,35611391163,97544.482031,96632.187501,52.796517,-898.700340,-996.267082,105545.939081,89543.024981,3356.685268,2.469017,,,0.545455,0.524460,0.502750,0.426400,0.471500,0.102100
2025-01-04,98236.226562,0.001313,98106.992188,98734.429688,97562.976562,22342608078,97241.358594,96789.695585,53.103345,-663.117545,-929.610136,104598.877955,89883.839232,3220.319196,21.246031,,,0.545455,0.518651,0.501879,0.563100,0.436900,0.000000
2025-01-05,98314.960938,0.000801,98233.906250,98813.304688,97291.765625,20525254825,96855.620703,96939.027001,53.303171,-465.283861,-836.714734,102978.462430,90732.778977,3103.423549,35.356979,0.423044,0.000000,0.545455,0.511685,0.500307,0.999700,0.000300,0.000000
2025-01-06,102078.085938,0.038276,98314.953125,102482.875000,97926.148438,51823432705,96652.494922,97440.829255,61.702578,-20.918407,-673.513099,101643.259619,91661.730225,3142.255580,141.158393,0.401945,0.000000,0.545455,0.489527,0.499450,0.515500,0.445900,0.038600
2025-01-07,96922.703125,-0.050504,102248.851562,102712.484375,96132.875000,58685738547,96496.553125,97390.358413,48.762329,-63.941789,-551.573511,101229.700818,91763.405432,3186.795759,78.662591,0.421817,0.000000,0.545455,0.515848,0.503800,0.574557,0.233623,0.191819
2025-01-08,95043.523438,-0.019388,96924.164062,97258.320312,92525.843750,63875859171,96374.181641,97162.247933,45.053318,-239.930725,-489.234596,101125.596542,91622.766739,3390.166853,-51.624959,0.422866,0.000000,0.545455,0.522583,0.507282,0.236324,0.605461,0.158216
2025-01-09,92484.039062,-0.026930,95043.484375,95349.718750,91220.843750,62777261693,96110.587109,96708.419781,40.531292,-570.446031,-505.479042,101117.320933,91103.853285,3346.037388,-110.154478,0.425271,0.000000,0.576923,0.534491,0.506458,0.223600,0.404100,0.372300
2025-01-10,94701.453125,0.023976,92494.492188,95770.609375,92250.093750,62058693684,95984.423437,96514.070209,45.623397,-652.689863,-534.924338,101000.105759,90968.741116,3312.924107,-60.959253,0.418996,0.000000,0.576923,0.521310,0.506621,0.265400,0.548900,0.185700
2025-01-11,94566.593750,-0.001424,94700.835938,94977.687500,93840.046875,18860894100,95957.506250,96325.782660,45.368956,-719.958500,-571.934319,100998.774538,90916.237962,3286.212054,-49.941468,0.429381,0.000000,0.545455,0.524613,0.505369,0.482548,0.517452,0.000000
2025-01-12,94488.437500,-0.000826,94565.726562,95367.539062,93712.507812,20885130965,95947.616016,96148.399191,45.211588,-770.398666,-611.629890,101000.149046,90895.082985,3240.636719,-47.890385,0.430063,0.000000,0.545455,0.524510,0.498866,0.250000,0.747800,0.002200
2025-01-13,94516.523438,0.000297,94488.890625,95837.000000,89260.101562,72978998252,95739.637500,95991.057799,45.285035,-798.897354,-649.085422,100659.987542,90819.287458,3454.258929,-84.968170,0.438475,0.000000,0.576923,0.530336,0.508978,0.182100,0.518400,0.299500
2025-01-14,96534.046875,0.021346,94519.007812,97352.664062,94322.156250,53769675818,95601.380078,96043.349778,50.426088,-655.787565,-650.425909,100248.395956,90954.364200,3372.397321,18.038280,0.429980,0.000000,0.545455,0.511714,0.502251,0.229700,0.649400,0.120900
2025-01-15,100504.492188,0.041130,96534.046875,100697.234375,96501.640625,57805923627,95836.828906,96472.517881,58.658665,-227.988445,-565.935472,100976.339234,90697.318579,3519.101004,121.284206,0.413008,0.000000,0.545455,0.496949,0.501825,0.453200,0.365400,0.181400
2025-01-16,99756.906250,-0.007438,100505.296875,100781.585938,97364.445312,54103781805,96116.431250,96788.176537,56.747765,51.487209,-442.447493,101476.658372,90756.204128,3510.450335,107.060793,0.397692,0.000000,0.545455,0.506073,0.510500,0.304000,0.686800,0.009200
2025-01-17,104462.039062,0.047166,100025.765625,105884.226562,99948.906250,71888972663,96581.336719,97525.060712,64.570612,636.460037,-226.661175,103084.717765,90077.955672,3739.380580,191.563729,0.380819,0.000000,0.545455,0.486559,0.513444,0.455500,0.491200,0.053300
2025-01-18,104408.070312,-0.000517,104124.953125,104913.203125,102226.617188,50445655726,97125.228906,98185.483257,64.426674,1083.112838,35.298301,104335.286870,89915.170942,3847.604353,168.742063,0.387803,0.000000,0.478261,0.495736,0.511351,0.330700,0.658500,0.010800
2025-01-19,101089.609375,-0.031784,104411.289062,106299.796875,99570.531250,76789928525,97547.548828,98463.935077,56.139776,1161.070139,260.455882,104640.750768,90454.346888,4219.584821,117.275631,0.395739,0.000000,0.545455,0.512115,0.515164,0.528547,0.461954,0.009499
2025-01-20,102016.664062,0.009171,101083.750000,109114.882812,99471.359375,126279678351,97976.921875,98804.356869,57.773812,1281.457228,464.658483,105060.099659,90893.744091,4582.927455,129.878765,0.417649,0.000000,0.545455,0.504827,0.513283,0.284900,0.623300,0.091800
2025-01-21,106146.265625,0.040480,102052.578125,107180.921875,100103.953125,88733878242,98563.247266,99507.448126,64.176297,1684.946787,708.718373,106316.323363,90810.171168,4618.453125,133.693568,0.403007,0.000000,0.545455,0.498174,0.514121,0.172700,0.780800,0.046500
2025-01-22,103653.070312,-0.023488,106136.382812,106294.343750,103360.265625,53878181052,98901.557031,99904.241175,58.417370,1785.979873,924.172248,106932.161679,90870.952383,4489.996094,115.753810,0.408611,0.000000,0.545455,0.514023,0.514426,0.456000,0.492600,0.051400
2025-01-23,103960.171875,0.002963,103657.671875,106820.328125,101257.804688,104104515428,99194.194141,100292.264950,58.906529,1868.859900,1113.110883,107523.933110,90864.455171,4592.399554,94.647545,0.397436,0.000000,0.545455,0.515552,0.511726,0.256200,0.652900,0.090900
2025-01-24,104819.484375,0.008266,103965.671875,107098.546875,102772.125000,52388229265,99523.357031,100725.189867,60.313343,1980.062715,1286.502060,108206.502748,90840.211314,4649.964286,98.398764,0.401433,0.000000,0.545455,0.516065,0.510514,0.221200,0.730000,0.048800
2025-01-25,104714.648438,-0.001000,104824.031250,105243.789062,104120.375000,23888996502,99843.341406,101106.541915,60.043275,2036.302352,1436.462679,108806.157319,90880.525493,4648.948103,84.326716,0.392648,0.000000,0.545455,0.521205,0.510126,0.307700,0.692300,0.000000
2025-01-26,102682.500000,-0.019407,104713.210938,105438.648438,102507.710938,22543395879,99873.562109,101257.134648,54.910593,1896.873052,1528.545030,108872.109369,90875.014849,4740.084263,60.516867,0.398486,0.000000,0.545455,0.532741,0.510142,0.128100,0.871800,0.000100
2025-01-27,102087.687500,-0.005793,102680.304688,103214.109375,97795.937500,89006608428,100131.811328,101336.473963,53.469811,1719.055145,1566.647144,109070.040637,91193.582019,4657.318080,17.570908,0.409398,0.000000,0.576923,0.541158,0.510133,0.158284,0.434057,0.407659
2025-01-28,101332.476562,-0.007398,102095.414062,103730.820312,100238.187500,47180685494,100446.258984,101336.092218,51.617921,1500.489884,1553.415666,109067.653509,91824.864460,4690.327009,25.454250,0.419732,0.000000,0.576923,0.540706,0.508962,0.310300,0.646400,0.043300
2025-01-29,103703.210938,0.023396,101317.523438,104750.804688,101283.820312,47432049818,101007.217578,101562.089489,56.689040,1499.530083,1542.638533,108874.236085,93140.199071,4638.283482,46.781328,0.415101,0.000000,0.545455,0.529284,0.509737,0.271027,0.680668,0.048305
2025-01-30,104735.304688,0.009952,103709.335938,106418.765625,103321.648438,41915744521,101508.910156,101864.976346,58.717676,1563.298893,1546.770610,108951.030188,94066.790124,4615.424665,73.527147,0.407196,0.000000,0.545455,0.526764,0.509365,0.213500,0.688100,0.098400
2025-01-31,102405.023438,-0.022249,104737.562500,106026.351562,101543.882812,45732764360,101900.831641,101916.513453,52.714136,1410.988000,1519.614061,108591.196718,95210.466563,4497.935268,37.485129,0.407760,0.000000,0.576923,0.536990,0.507748,0.457000,0.486500,0.056500
2025-02-01,100655.906250,-0.017080,102402.796875,102755.726562,100297.710938,27757944848,102209.205078,101796.235917,48.689991,1137.055671,1443.102323,107964.185474,96454.224682,4481.608817,-25.654437,,,0.576923,0.536990,0.507748,0.272950,0.673250,0.053800
2025-02-02,97688.976562,-0.029476,100661.539062,101430.664062,96216.078125,63091816853,102367.827734,101404.420804,42.731123,674.403009,1289.362364,107353.511217,97382.144252,4373.417411,-133.528677,,,0.666667,0.545548,0.518332,0.088900,0.860000,0.051100
2025-02-03,101405.421875,0.038044,97681.101562,102514.171875,91242.890625,115400897748,102611.396484,101404.516287,50.846099,598.880670,1151.265956,106811.086954,98411.706014,4489.685826,-150.025936,,,0.666667,0.502337,0.515425,0.033500,0.727900,0.238600
2025-02-04,97871.820312,-0.034846,101398.718750,101745.617188,96208.109375,73002130211,102479.762891,101067.613257,44.403511,252.631841,971.539061,107101.351561,97858.174220,4379.724330,-137.984694,,,0.666667,0.580269,0.518549,0.229100,0.677100,0.093800
2025-02-05,96615.445312,-0.012837,97878.007812,99113.210938,96174.828125,49125911241,102322.689844,100643.077610,42.348892,-121.194250,752.992328,107512.527530,97132.852157,4380.031808,-170.195293,0.483424,1.000000,0.666667,0.590286,0.517119,0.276600,0.589700,0.133700
2025-02-06,96593.296875,-0.000229,96610.640625,99168.609375,95707.351562,45302471947,101929.252734,100256.956588,42.311723,-414.433998,519.507003,107606.385921,96252.119548,4229.941406,-145.118487,0.475617,1.000000,0.555556,0.606766,0.516800,0.292900,0.551200,0.155900
2025-02-07,96529.085938,-0.000665,96581.320312,100154.140625,95653.882812,55741290456,101535.303516,99901.565186,42.196095,-644.538278,286.697899,107570.378030,95500.229001,4242.358259,-117.844848,0.485132,1.000000,0.611111,0.622844,0.517044,0.246800,0.568600,0.184600
2025-02-08,96482.453125,-0.000483,96533.257812,96877.804688,95702.492188,22447526395,101304.945703,99575.639992,42.106100,-821.163047,65.125673,107749.469290,94860.422116,4246.065290,-125.675908,0.465382,1.000000,0.555556,0.632423,0.516952,0.387900,0.575400,0.036700
2025-02-09,96500.093750,0.000183,96481.312500,97325.281250,94745.257812,27732901800,101029.117188,99282.490376,42.156358,-948.771339,-137.653756,107808.884023,94249.350352,4221.000000,-113.330837,0.454016,1.000000,0.666667,0.643593,0.516433,0.126500,0.811100,0.062400
2025-02-10,97437.554688,0.009715,96499.460938,98333.218750,95320.843750,40078962391,100593.681641,99106.651723,44.894116,-963.415238,-302.806070,107102.896370,94084.466911,4049.157366,-83.272455,0.450313,1.000000,0.555556,0.609532,0.517864,0.086209,0.748675,0.165117
2025-02-11,95747.429688,-0.017346,97438.132812,98492.898438,94875.039062,37488783272,100198.399609,98786.510861,41.115799,-1098.272616,-461.899392,106883.154522,93513.644697,4058.102121,-88.196987,0.453327,1.000000,0.555556,0.639967,0.517566,0.170983,0.710229,0.118788
2025-02-12,97885.859375,0.022334,95745.695312,98151.023438,94101.203125,49340445530,99894.683984,98700.682389,47.173673,-1021.349474,-573.789416,106409.611011,93379.756958,4099.733259,-73.396585,0.443238,0.000000,0.545455,0.588366,0.516846,0.228200,0.559000,0.212800
2025-02-13,96623.867188,-0.012892,97888.750000,98111.085938,95269.710938,37147280860,99484.903125,98502.781692,44.278586,-1049.820134,-668.995565,105720.564215,93249.242035,4081.465960,-68.981460,0.443719,0.000000,0.555556,0.595656,0.516411,0.328300,0.628300,0.043400
2025-02-14,97508.968750,0.009160,96623.367188,98819.468750,96342.804688,32697987277,99124.619141,98408.085750,46.747049,-989.739209,-733.144296,104903.973839,93345.264442,3938.194196,-43.002378,0.449201,0.000000,0.555556,0.531439,0.515170,0.108789,0.592541,0.298670
2025-02-15,97580.351562,0.000732,97508.382812,97975.039062,97240.195312,17047266288,98869.511719,98329.218438,46.951160,-925.704975,-771.656433,104434.044492,93304.978945,3815.110491,-37.879809,0.449571,0.000000,0.555556,0.511564,0.515866,0.151200,0.735400,0.113400
2025-02-16,96175.031250,-0.014402,97580.492188,97725.593750,96060.976562,16536755396,98573.878906,98123.974203,43.422550,-976.831860,-812.691520,104046.003734,93101.754078,3561.541295,-62.645936,0.446608,0.000000,0.666667,0.528798,0.517025,0.013700,0.986300,0.000000
2025-02-17,95773.382812,-0.004176,96179.007812,97032.234375,95243.546875,27336550690,98295.924219,97900.025875,42.440810,-1037.723804,-857.697978,103742.747616,92849.100822,2884.213170,-79.685753,0.452141,1.000000,0.555556,0.520380,0.518258,0.141800,0.818800,0.039400
2025-02-18,95539.546875,-0.002442,95773.812500,96695.375000,93388.835938,37325720482,97887.741016,97675.143413,41.847609,-1092.217106,-904.601804,102828.421774,92947.060258,2724.858259,-107.083468,0.453111,1.000000,0.545455,0.519877,0.515783,0.274000,0.607200,0.118800
2025-02-19,96635.609375,0.011472,95532.531250,96855.593750,95011.968750,28990872862,97482.756250,97576.110314,45.680138,-1035.183863,-930.718216,101248.180735,93717.331765,2646.661272,-72.180567,0.449849,0.000000,0.545455,0.452263,0.516912,0.169183,0.770823,0.059994
2025-02-20,98333.937500,0.017575,96632.679688,98767.195312,96442.671875,31668022771,97279.201953,97648.304024,51.062027,-843.449985,-913.264570,100288.472212,94269.931694,2565.465960,43.494746,0.444326,0.000000,0.545455,0.402376,0.516972,0.145500,0.643500,0.211000
2025-02-21,96125.546875,-0.022458,98340.671875,99497.968750,94852.960938,49608706470,97052.683984,97503.243733,44.840644,-859.512444,-902.514145,99644.866195,94460.501773,2575.805246,-18.941186,0.449663,0.000000,0.545455,0.436857,0.517284,0.202180,0.558144,0.239676
2025-02-22,96577.757812,0.004704,96134.203125,96950.156250,95765.343750,18353824477,96997.123047,97415.082531,46.283900,-826.277831,-887.266882,99579.498012,94414.748082,2576.483817,-50.106290,0.446578,0.000000,0.545455,0.392663,0.518834,0.068900,0.781300,0.149800
2025-02-23,96273.921875,-0.003146,96577.804688,96671.875000,95270.453125,16999478976,96740.548047,97306.378602,45.423914,-815.026613,-872.818828,98293.097322,95187.998771,2492.297991,-81.095812,0.435807,0.000000,0.555556,0.373296,0.519146,0.470000,0.530000,0.000000
2025-02-24,91418.171875,-0.050437,96277.960938,96503.453125,91371.742188,44046480529,96417.865625,96745.494485,34.417563,-1183.794580,-935.013979,99186.672178,93649.059072,2643.679129,-331.705108,0.449913,0.000000,0.666667,0.520862,0.517540,0.237400,0.536800,0.225800
2025-02-25,88736.171875,-0.029338,91437.117188,92511.078125,86008.234375,92139104128,96023.901953,95982.575684,30.081938,-1672.920951,-1082.595374,100431.553431,91616.250475,2849.749442,-421.139903,0.491001,1.000000,0.666667,0.637308,0.520512,0.080800,0.307700,0.611500
2025-02-26,84347.023438,-0.049463,88638.890625,89286.250000,82131.898438,64597492134,95411.588281,94874.262014,24.616715,-2386.825533,-1343.441406,102229.626747,88593.549815,3071.501674,-351.767695,0.503184,1.000000,0.666667,0.800828,0.522295,0.152600,0.531400,0.316000
2025-02-27,84704.226562,0.004235,84076.859375,87000.781250,83144.960938,52659591954,94820.345312,93905.556066,25.798221,-2890.473857,-1652.847897,103120.177391,86520.513234,3143.962054,-243.712118,0.513089,1.000000,0.666667,0.805743,0.521578,0.234100,0.380300,0.385600
2025-02-28,84373.007812,-0.003910,84705.625000,85036.320312,78248.914062,83610570576,94214.873047,92997.583113,25.400672,-3278.518587,-1977.982036,103688.010522,84741.735572,3451.872210,-215.169580,0.526982,1.000000,0.666667,0.869060,0.520919,0.045600,0.365700,0.588700
2025-03-01,86031.914062,0.019662,84373.867188,86522.304688,83794.234375,29190628396,93691.464063,92334.112534,31.125359,-3412.949027,-2264.975434,103770.374086,83612.554039,3594.245536,-131.622416,,,0.666667,0.869060,0.520919,0.088400,0.601450,0.310150
2025-03-02,94248.351562,0.095505,86036.257812,95043.437500,85040.210938,58398341092,93532.003906,92516.439294,51.129177,-2824.441969,-2376.868741,103461.167833,83602.839980,4189.860491,-31.054228,,,0.440000,0.586870,0.497698,0.131200,0.837200,0.031600
2025-03-03,86065.671875,-0.086820,94248.421875,94429.750000,85081.304688,70072228536,93047.916016,91902.024755,38.985434,-2983.451151,-2498.185224,103454.852854,82640.979177,4729.843192,-68.226122,,,0.516129,0.698432,0.505168,0.199200,0.648500,0.152300
2025-03-04,87222.195312,0.013438,86064.070312,88911.273438,81529.242188,68095241474,92514.732813,91456.290128,41.114247,-2981.830297,-2594.914238,102970.587153,82058.878472,5020.949777,-94.158072,,,0.440000,0.584218,0.503133,0.239900,0.557300,0.202800
2025-03-05,90623.562500,0.038997,87222.953125,90998.242188,86379.773438,50498988027,92214.717578,91376.976845,46.973968,-2675.410212,-2611.013433,102517.344575,81912.090581,5219.152902,-39.715681,0.400669,0.000000,0.516129,0.542211,0.499089,0.197700,0.609800,0.192500
2025-03-06,89961.726562,-0.007303,90622.359375,92804.937500,87852.140625,47749810486,91837.355469,91242.182047,46.014473,-2457.613146,-2580.333376,101872.907160,81801.803778,5406.886719,-22.775202,0.417330,0.000000,0.516129,0.543349,0.501025,0.102100,0.818800,0.079100
2025-03-07,86742.671875,-0.035782,89963.281250,91191.046875,84717.679688,65945677657,91295.471484,90813.631217,41.567153,-2515.620300,-2567.390760,101194.801031,81396.141938,5537.483817,-56.381698,0.462214,1.000000,0.516129,0.541265,0.503636,0.071600,0.657000,0.271400
2025-03-08,86154.593750,-0.006780,86742.656250,86847.265625,85247.484375,18206118081,90794.449609,90369.888957,40.791504,-2579.285987,-2569.769806,100668.205446,80920.693773,5567.124442,-71.880819,0.440064,0.000000,0.440000,0.493768,0.501967,0.200400,0.505100,0.294500
2025-03-09,80601.039062,-0.064460,86154.304688,86471.132812,80052.484375,30899345977,90035.832422,89439.476002,34.285102,-3042.587057,-2664.333256,100605.783375,79465.881469,5925.497768,-118.094371,0.480352,1.000000,0.440000,0.585970,0.508494,0.285029,0.506651,0.208321
2025-03-10,78532.000000,-0.025670,80597.148438,83955.929688,77420.593750,54061099422,89185.455078,88400.621992,32.222958,-3535.876350,-2838.641875,100594.341781,77776.568375,6025.756696,-140.292310,0.528296,1.000000,0.516129,0.591467,0.508044,0.084300,0.361300,0.554400
2025-03-11,82862.210938,0.055139,78523.875000,83577.757812,76624.250000,54702837196,88496.785156,87873.132785,40.314108,-3536.762249,-2978.265950,99672.568160,77321.002153,6057.946987,-113.574722,0.491208,1.000000,0.440000,0.562966,0.504343,0.137700,0.632400,0.229900
2025-03-12,83722.359375,0.010380,82857.375000,84358.578125,80635.250000,40353484454,87766.206250,87477.806462,41.800375,-3428.557977,-3068.324355,98114.018241,77418.394259,5812.873884,-78.290984,0.451090,1.000000,0.440000,0.560069,0.504434,0.150800,0.618100,0.231100
2025-03-13,81066.703125,-0.031720,83724.921875,84301.695312,79931.851562,31412940153,87013.264063,86867.204831,38.604116,-3516.485125,-3157.956509,96984.623992,77041.904133,5849.589844,-89.971010,0.457413,1.000000,0.440000,0.561699,0.509204,0.172800,0.608700,0.218500
2025-03-14,83969.101562,0.035803,81066.992188,85263.289062,80797.562500,29588112414,86382.831250,86591.186669,43.673384,-3313.839198,-3189.133047,95352.036619,77413.625881,5683.755580,-57.869065,0.414093,0.000000,0.440000,0.461107,0.507075,0.294529,0.572957,0.132513
2025-03-15,84343.109375,0.004454,83968.406250,84672.671875,83639.593750,13650491277,85786.290625,86377.078225,44.311471,-3087.478494,-3168.802136,93482.238167,78090.343083,5562.684710,-34.688189,0.395792,0.000000,0.440000,0.420802,0.496859,0.226600,0.545100,0.228300
2025-03-16,82579.687500,-0.020908,84333.320312,85051.601562,82017.906250,21330270174,85344.366406,86015.413033,41.901267,-3015.578920,-3138.157493,92685.518153,78003.214660,5064.861049,-51.818602,0.414092,0.000000,0.440000,0.406823,0.501139,0.004500,0.982100,0.013400
2025-03-17,84075.687500,0.018116,82576.335938,84725.328125,82492.156250,25092785558,85111.342188,85830.673140,44.651706,-2805.570942,-3071.640183,92293.316900,77929.367475,4556.627232,-32.948952,0.419340,0.000000,0.440000,0.356602,0.497544,0.178900,0.610300,0.210800
2025-03-18,82718.500000,-0.016142,84075.718750,84075.718750,81179.992188,24095774594,85029.916016,85534.269706,42.677783,-2717.302737,-3000.772694,92284.932717,77774.899314,4236.176897,-57.190096,0.427306,0.000000,0.440000,0.374250,0.502119,0.146785,0.663834,0.189381
2025-03-19,86854.226562,0.049998,82718.804688,87021.187500,82569.726562,34931960257,85137.416016,85659.982182,49.940150,-2287.333614,-2858.084878,92435.698873,77839.133158,4224.247768,15.247727,0.470840,1.000000,0.440000,0.324697,0.501360,0.233700,0.722700,0.043600
2025-03-20,84167.195312,-0.030937,86872.953125,87443.265625,83647.195312,29028988961,85127.125391,85517.809652,45.873622,-2138.704924,-2714.208887,92430.525040,77823.725741,4141.624442,1.915557,0.496068,1.000000,0.440000,0.365533,0.504956,0.223678,0.648735,0.127587
2025-03-21,84043.242188,-0.001473,84164.539062,84782.273438,83171.070312,19030452299,85027.691797,85377.372552,45.688800,-2007.771003,-2572.921310,92333.374373,77722.009221,3794.327009,-25.022465,0.491252,1.000000,0.440000,0.324297,0.498119,0.196200,0.575800,0.228000
2025-03-22,83832.484375,-0.002508,84046.257812,84513.875000,83674.781250,9863214091,84506.898438,85230.238352,45.354206,-1899.116236,-2438.160295,90391.851236,78621.945639,3739.992188,-17.377587,0.506313,1.000000,0.440000,0.282883,0.497555,0.099600,0.816500,0.083900
2025-03-23,86054.375000,0.026504,83831.898438,86094.781250,83794.914062,12594615537,84506.333594,85308.728518,49.548925,-1615.127809,-2273.553798,90390.658579,78622.008608,3445.793527,30.685085,0.480492,1.000000,0.440000,0.272030,0.497511,0.481500,0.454100,0.064400
2025-03-24,87498.914062,0.016786,86070.929688,88758.726562,85541.195312,34582604933,84520.169531,85517.319931,52.122118,-1259.006402,-2070.644319,90432.616471,78607.722592,3208.807478,90.684325,0.459323,1.000000,0.440000,0.276181,0.506408,0.236100,0.713100,0.050800
2025-03-25,87471.703125,-0.000311,87512.820312,88542.398438,86346.078125,30005840049,84362.576563,85703.453531,52.068245,-967.816810,-1850.078817,89733.243890,78991.909235,2869.008371,105.644732,0.417981,0.000000,0.440000,0.262867,0.509899,0.116400,0.811500,0.072100
2025-03-26,86900.882812,-0.006526,87460.234375,88292.156250,85861.453125,26704046038,84209.534375,85817.495450,50.880178,-774.177622,-1634.898578,89057.396638,79361.672112,2776.678013,106.687516,0.395178,0.000000,0.440000,0.244508,0.501076,0.226223,0.737274,0.036504
2025-03-27,87177.101562,0.003179,86896.257812,87786.726562,85837.937500,24413471941,84231.255859,85946.982810,51.457382,-591.611503,-1426.241163,89130.528275,79331.983444,2603.745536,106.760927,0.373622,0.000000,0.440000,0.239492,0.503535,0.149800,0.555300,0.294900
2025-03-28,84353.148438,-0.032393,87185.234375,87489.859375,83557.640625,34198619509,84141.183594,85795.187933,45.562569,-667.082254,-1274.409381,88957.100238,79325.266949,2565.637835,39.668336,0.429348,0.000000,0.440000,0.251112,0.501426,0.096110,0.669267,0.234623
2025-03-29,82597.585938,-0.020812,84352.070312,84567.335938,81634.140625,16969396135,84241.010938,85490.652362,42.317070,-858.640660,-1191.255637,88825.142900,79656.878975,2701.360491,-50.666489,0.464461,1.000000,0.440000,0.242476,0.503901,0.183700,0.566000,0.250300
2025-03-30,82334.523438,-0.003185,82596.984375,83505.000000,81573.250000,14763760943,84431.137109,85190.066826,41.836172,-1019.919774,-1156.988464,88273.742921,80588.531297,2622.650112,-79.727267,0.475327,1.000000,0.516129,0.230440,0.505182,0.235700,0.722000,0.042300
2025-03-31,82548.914062,0.002604,82336.062500,83870.125000,81293.890625,29004228247,84415.472266,84938.527083,42.410568,-1117.553787,-1149.101529,88287.450375,80543.494156,2647.154576,-82.069840,0.488506,1.000000,0.440000,0.244134,0.511572,0.078400,0.640200,0.281400
2025-04-01,85169.171875,0.031742,82551.921875,85487.367188,82429.359375,28175650319,84487.812891,84960.493363,49.035062,-972.304594,-1113.742142,88359.328658,80616.297123,2658.746094,-4.160504,,,0.440000,0.244134,0.511572,0.173200,0.630350,0.196450
2025-04-02,82485.710938,-0.031507,85180.609375,88466.953125,82343.539062,47584398470,84558.763281,84724.798737,43.514539,-1061.474820,-1103.288677,88212.161242,80905.365320,2778.171317,-7.734754,,,0.545455,0.442527,0.508195,0.268000,0.620500,0.111500
2025-04-03,83102.828125,0.007482,82487.476562,83909.296875,81282.101562,36852112080,84515.449609,84570.324716,45.046768,-1070.015317,-1096.634005,88218.486170,80812.413049,2694.680246,-90.011190,,,0.436364,0.440562,0.510988,0.180600,0.450400,0.369000
2025-04-04,83843.804688,0.008916,83100.250000,84696.148438,81670.750000,45157640207,84490.484375,84501.132077,46.908983,-1005.406957,-1078.388596,88205.127359,80775.841391,2795.694196,-54.488694,,,0.436364,0.440627,0.512296,0.205300,0.445000,0.349700
2025-04-05,83504.796875,-0.004043,83844.703125,84207.015625,82377.734375,14380803631,84536.739844,84406.242694,46.138627,-970.371989,-1056.785274,88173.420319,80900.059369,2866.421875,-57.078410,0.380422,0.000000,0.436364,0.441183,0.515184,0.181900,0.732800,0.085300
2025-04-06,78214.484375,-0.063353,83504.507812,83704.718750,77097.742188,36294853736,84243.679688,83816.549645,36.159119,-1353.861422,-1116.200504,88851.716671,79635.642704,3174.072545,-202.091612,0.410100,0.000000,0.481818,0.445638,0.503919,0.009299,0.598640,0.392061
2025-04-07,79235.335938,0.013052,78221.335938,81119.062500,74436.679688,91262424987,84069.521484,83380.242386,38.905208,-1557.455703,-1204.451544,89158.461720,78980.581248,3421.561942,-221.990903,0.389839,0.000000,0.545455,0.442490,0.518032,0.036800,0.504400,0.458800
2025-04-08,76271.953125,-0.037400,79218.476562,80823.890625,76198.023438,48314590749,83540.407812,82703.260783,34.293728,-1935.602383,-1350.681712,89530.935420,77549.880205,3595.101004,-196.347700,0.426997,0.000000,0.545455,0.446165,0.500542,0.129900,0.575300,0.294800
2025-04-09,82573.953125,0.082625,76273.562500,83541.000000,74589.671875,84213627038,83460.745703,82690.945741,48.322239,-1707.110133,-1421.967396,89458.547948,77462.943458,4060.859933,-101.486774,0.406569,0.000000,0.545455,0.439918,0.506711,0.165900,0.682600,0.151500
2025-04-10,79626.140625,-0.035699,82565.976562,82700.929688,78456.132812,44718000633,83239.890625,82399.058949,43.629844,-1743.781709,-1486.330258,89468.248617,77011.532633,4224.860491,-89.110866,0.414483,0.000000,0.545455,0.445277,0.511134,0.246600,0.618900,0.134500
2025-04-11,83404.835938,0.047455,79625.046875,84247.476562,78936.320312,41656778779,83218.508203,82494.847409,50.293160,-1451.217172,-1479.307641,89441.233972,76995.782434,4323.356027,-29.110484,0.385884,0.000000,0.436364,0.439770,0.508517,0.086000,0.709500,0.204500
2025-04-12,85287.109375,0.022568,83404.515625,85856.187500,82769.375000,24258059104,83180.144922,82760.777560,53.257182,-1055.313998,-1394.508913,89338.383503,77021.906341,4334.328683,44.000085,0.386958,0.000000,0.436364,0.439915,0.494448,0.278400,0.673900,0.047700
2025-04-13,83684.976562,-0.018785,85279.468750,86015.187500,83027.007812,28796984817,82989.448047,82848.796645,50.497038,-860.908668,-1287.788864,88811.625585,77167.270509,4409.787946,39.406121,0.373874,0.000000,0.436364,0.441060,0.499029,0.266727,0.685469,0.047805
2025-04-14,84542.390625,0.010246,83694.523438,85785.000000,83690.640625,34090769777,82842.982422,83010.091528,51.932790,-630.390136,-1156.309118,88328.010754,77357.954089,4375.772879,61.432858,0.381363,0.000000,0.436364,0.438906,0.500295,0.230500,0.647700,0.121800
2025-04-15,83668.992188,-0.010331,84539.695312,86429.351562,83598.820312,28040322885,82681.387891,83072.844049,50.331412,-512.271515,-1027.501598,87844.001994,77518.773788,4359.524554,65.589289,0.384674,0.000000,0.400000,0.439935,0.504857,0.223900,0.627600,0.148500
2025-04-16,84033.867188,0.004361,83674.507812,85428.281250,83100.617188,29617804112,82524.226172,83164.370163,51.011033,-384.784464,-898.958171,87286.435710,77762.016634,4088.399554,60.508910,0.370526,0.000000,0.400000,0.439157,0.507968,0.124200,0.635000,0.240800
2025-04-17,84895.750000,0.010256,84030.671875,85449.070312,83749.750000,21276866029,82551.356250,83329.263647,52.658863,-211.763827,-761.519302,87363.358488,77739.354012,4022.122768,81.701487,0.355385,0.000000,0.400000,0.439622,0.499440,0.131400,0.735300,0.133300
2025-04-18,84450.804688,-0.005241,84900.187500,85095.046875,84298.882812,12728372364,82644.017187,83436.077176,51.692185,-109.286581,-631.072758,87530.562248,77757.472127,3862.891741,72.406004,0.358274,0.000000,0.436364,0.441331,0.502238,0.156916,0.713471,0.129613
2025-04-19,85063.414062,0.007254,84450.867188,85597.703125,84353.460938,15259300427,82780.461719,83591.061769,52.972234,21.115449,-500.635116,87781.669681,77779.253756,3821.103237,79.026578,0.375727,0.000000,0.427273,0.441660,0.500549,0.181900,0.627800,0.190300
2025-04-20,85174.304688,0.001304,85066.070312,85306.382812,83976.843750,14664050812,82911.731250,83741.846921,53.213903,131.887441,-374.130605,88023.937926,77799.524574,3444.143415,66.361516,0.402483,0.000000,0.436364,0.443012,0.502993,0.164316,0.809681,0.026003
2025-04-21,87518.906250,0.027527,85171.539062,88460.093750,85143.835938,41396190190,83029.217969,84101.567099,58.114916,404.202228,-218.464038,88458.060666,77600.375271,3203.705915,132.393323,0.428698,0.000000,0.436364,0.442817,0.498800,0.190300,0.526500,0.283200
2025-04-22,93441.890625,0.067677,87521.875000,93817.382812,87084.531250,55899038456,83577.026953,84991.122262,67.404278,1085.429415,42.314652,90716.539545,76437.514362,3354.204799,237.385453,0.421784,0.000000,0.436364,0.443165,0.501075,0.309300,0.531000,0.159700
2025-04-23,93699.109375,0.002753,93427.585938,94535.734375,91962.960938,41719568821,84106.841016,85820.454825,67.738899,1627.303306,359.312383,92551.554958,75662.127074,2898.593750,240.749429,0.438665,0.000000,0.436364,0.449240,0.503360,0.395000,0.542300,0.062700
2025-04-24,93943.796875,0.002611,93692.398438,94016.195312,91696.710938,31483175315,84611.840625,86594.106834,68.074653,2052.822471,698.014401,94130.063477,75093.617773,2761.071429,198.602640,0.479013,1.000000,0.490909,0.451890,0.493310,0.250600,0.649500,0.099900
2025-04-25,94720.500000,0.008268,93954.250000,95768.390625,92898.593750,40915232364,85172.625781,87368.049389,69.171442,2424.770808,1043.365682,95685.810871,74659.440692,2586.688616,182.090446,0.496324,1.000000,0.545455,0.454791,0.494771,0.561400,0.384200,0.054400
2025-04-26,94646.929688,-0.000777,94714.648438,95251.359375,93927.250000,17612825123,85994.248047,88061.276367,68.929881,2682.681722,1371.228890,96782.633402,75205.862692,2460.781250,148.652945,0.504000,1.000000,0.436364,0.458250,0.494866,0.604040,0.394661,0.001300
2025-04-27,93754.843750,-0.009425,94660.906250,95301.203125,93665.398438,18090367764,86720.223437,88603.521080,65.923595,2783.013923,1653.585897,97547.597378,75892.849497,2364.183036,120.300321,0.472028,1.000000,0.436364,0.461417,0.494391,0.259600,0.643400,0.097000
2025-04-28,94978.750000,0.013054,93755.304688,95598.492188,92860.804688,32363449569,87655.563281,89210.685942,67.986513,2927.539052,1908.376528,97898.833951,77412.292611,2409.730469,107.033624,0.446326,0.000000,0.436364,0.462182,0.491716,0.357800,0.525300,0.116900
2025-04-29,94284.789062,-0.007306,94981.859375,95485.414062,93796.632812,25806129921,88241.105078,89693.934004,65.562929,2952.050452,2117.111313,98599.508840,77882.701316,2328.176897,93.872918,0.432570,0.000000,0.436364,0.466011,0.493615,0.315400,0.614400,0.070200
2025-04-30,94207.312500,-0.000822,94286.468750,95249.320312,92979.640625,28344679831,88970.163672,90123.779692,65.283124,2931.432476,2279.975545,98815.344167,79124.983177,2324.035156,78.588612,0.439046,0.000000,0.436364,0.467427,0.486928,0.306000,0.551300,0.142700
2025-05-01,96492.335938,0.024255,94212.859375,97437.960938,94153.632812,32875889623,89624.538672,90730.309009,69.427286,3064.151778,2436.810792,99650.316711,79598.760633,2437.250000,95.235426,,,0.436364,0.467427,0.486928,0.416400,0.446550,0.137050
2025-05-02,96910.070312,0.004329,96494.968750,97905.898438,96375.945312,26421924677,90205.686719,91318.857836,70.129284,3166.538280,2582.756290,100516.264705,79895.108732,2489.663504,99.558967,,,0.446154,0.491982,0.507649,0.526800,0.341800,0.131400
2025-05-03,95891.796875,-0.010507,96904.632812,96943.882812,95821.289062,15775154889,90816.027734,91754.375928,66.142424,3129.440421,2692.093116,100944.933241,80687.122228,2480.974330,80.792220,,,0.446154,0.495228,0.508657,0.409500,0.542900,0.047600
2025-05-04,94315.976562,-0.016433,95877.187500,96318.921875,94173.429688,18198688416,91304.707031,91998.337938,60.418084,2939.006280,2741.475749,101096.647028,81512.767035,2539.256696,57.665278,,,0.446154,0.497873,0.514388,0.364036,0.627763,0.008201
2025-05-05,94748.054688,0.004581,94319.562500,95193.187500,93566.265625,25816260327,91858.660156,92260.215767,61.404416,2790.780349,2751.336669,101067.982011,82649.338302,2418.589844,47.055135,0.488542,1.000000,0.446154,0.497487,0.520235,0.134100,0.804200,0.061700
2025-05-06,96802.476562,0.021683,94748.382812,96889.179688,93399.859375,26551275827,92497.090625,92692.812098,65.771810,2806.729783,2762.415292,101177.585508,83816.595742,2186.909040,63.842105,0.475751,1.000000,0.446154,0.495554,0.512768,0.155600,0.714900,0.129500
2025-05-07,97032.320312,0.002374,96800.195312,97625.804688,95829.335938,76983822462,93103.919141,93106.098651,66.232189,2805.575252,2771.047284,101225.888325,84981.949956,2131.458705,84.206128,0.472934,1.000000,0.446154,0.497075,0.508604,0.294600,0.650500,0.054900
2025-05-08,103241.460938,0.063990,97034.250000,103969.539062,96913.875000,69895404397,94043.451953,94071.371368,75.729391,3268.012145,2870.440256,102297.054001,85789.849905,2469.757254,187.503404,0.442895,0.000000,0.446154,0.484747,0.506445,0.421700,0.470800,0.107500
2025-05-09,102970.851562,-0.002621,103239.125000,104297.492188,102343.093750,58198593958,94938.823828,94918.941004,74.742753,3571.490921,3010.650389,102972.998394,86904.649262,2404.371652,234.208623,0.450694,1.000000,0.446154,0.489682,0.495726,0.577800,0.385400,0.036800
2025-05-10,104696.328125,0.016757,102973.710938,104961.765625,102830.484375,42276713994,95914.925000,95850.120824,76.816796,3906.202726,3189.760856,103693.578660,88136.271340,2462.026786,220.555996,0.476306,1.000000,0.250000,0.483772,0.501075,0.481000,0.519000,0.000000
2025-05-11,104106.359375,-0.005635,104701.070312,104937.992188,103364.742188,46285517406,96744.297656,96636.429329,74.562269,4076.863285,3367.181342,104287.292829,89201.302484,2457.558594,182.300429,0.495961,1.000000,0.446154,0.485972,0.498724,0.414941,0.585059,0.000000
2025-05-12,102812.953125,-0.012424,104106.960938,105747.453125,100814.406250,63250475404,97212.850781,97224.669739,69.730431,4060.934324,3505.931939,105050.567060,89375.134503,2614.369978,131.505440,0.538862,1.000000,0.446154,0.489488,0.509744,0.413300,0.583900,0.002800
2025-05-13,104169.812500,0.013197,102812.492188,104997.421875,101515.093750,52608876410,97736.385938,97886.111955,71.795330,4110.415055,3626.828562,105974.457885,89498.313990,2742.480469,116.926672,0.510648,1.000000,0.446154,0.489853,0.503092,0.373100,0.585100,0.041800
2025-05-14,103539.414062,-0.006052,104167.328125,104303.562500,102618.296875,45956071155,98216.166797,98424.521716,69.425715,4052.051598,3711.873169,106639.821459,89792.512135,2700.736607,98.757056,0.476894,1.000000,0.446154,0.495782,0.501169,0.350600,0.551200,0.098200
2025-05-15,103744.640625,0.001982,103538.828125,104153.617188,101440.812500,50408241840,98667.373828,98931.199738,69.775454,3976.519305,3764.802396,107267.531485,90067.216171,2659.913504,80.599004,0.475936,1.000000,0.250000,0.498579,0.500720,0.249900,0.630000,0.120100
2025-05-16,103489.289062,-0.002461,103735.656250,104533.484375,103137.476562,44386499364,99109.491797,99365.303507,68.722100,3851.655231,3782.172963,107748.453847,90470.529747,2650.345982,80.812793,0.513960,1.000000,0.250000,0.502357,0.500382,0.329800,0.560800,0.109400
2025-05-17,103191.085938,-0.002881,103489.289062,103716.945312,102659.179688,37898552742,99581.303906,99729.663757,67.441663,3686.145503,3762.967471,108017.259932,91145.347880,2645.715402,64.662390,0.565908,1.000000,0.073529,0.504705,0.510647,0.276000,0.606900,0.117100
2025-05-18,106446.007812,0.031543,103186.953125,106597.171875,103142.601562,49887082058,100154.666797,100369.315601,73.291286,3774.116618,3765.197301,108828.901955,91480.431639,2739.220982,92.771186,0.599294,1.000000,0.000000,0.501112,0.499152,0.264726,0.638464,0.096810
2025-05-19,105606.179688,-0.007890,106430.531250,107068.718750,102112.687500,61761126647,100720.736328,100868.064582,69.806348,3733.035259,3758.764892,109258.652047,92182.820609,2977.014509,78.521947,0.642127,1.000000,0.000000,0.505823,0.499324,0.274300,0.675700,0.050000
2025-05-20,106791.085938,0.011220,105605.406250,107307.117188,104206.515625,36515726122,101349.925000,101432.161875,71.840773,3752.829551,3757.577824,109719.832371,92980.017629,2949.248884,93.768247,0.663461,1.000000,0.000000,0.503047,0.502767,0.287700,0.678700,0.033600
2025-05-21,109678.078125,0.027034,106791.312500,110724.460938,106127.234375,78086364051,102009.212109,102217.487258,76.071276,3955.871590,3797.236577,110833.003904,93185.420315,3149.303013,135.933113,0.698081,1.000000,0.000000,0.500287,0.499794,0.354800,0.346800,0.298400
2025-05-22,111673.281250,0.018191,109673.492188,111970.171875,109285.070312,70157575642,102747.372656,103118.039094,78.477769,4229.030197,3883.595301,112221.181963,93273.563350,2837.119978,165.284982,0.703736,1.000000,0.000000,0.500660,0.498169,0.297000,0.593100,0.109900
2025-05-23,107287.796875,-0.039271,111679.359375,111798.906250,106841.304688,67548133399,103317.172656,103515.158893,63.387867,4045.010546,3915.878350,112418.359857,94215.985456,3051.634487,118.964998,0.707582,1.000000,0.000000,0.506417,0.501732,0.281500,0.477600,0.240900
2025-05-24,107791.156250,0.004692,107278.507812,109454.523438,106895.289062,45903627163,103990.931641,103922.396747,64.237847,3894.892583,3911.681197,112241.815037,95740.048245,3082.202567,103.041890,0.708162,1.000000,0.000000,0.500623,0.500343,0.268800,0.516200,0.215000
2025-05-25,109035.390625,0.011543,107802.273438,109313.304688,106683.375000,47518041841,104705.298437,104409.348556,66.319331,3832.147591,3895.774476,112005.990669,97404.606206,3157.679688,100.526151,0.707656,1.000000,0.000000,0.498706,0.500477,0.198000,0.749200,0.052800
2025-05-26,109440.367188,0.003714,109023.781250,110376.882812,108735.640625,45950461571,105337.192969,104888.493197,66.992728,3771.622990,3870.944179,111909.158581,98765.227356,2922.550781,116.791259,0.699143,1.000000,0.000000,0.498861,0.499052,0.187900,0.712600,0.099500
2025-05-27,108994.640625,-0.004073,109440.406250,110744.210938,107609.554688,57450176272,105935.308984,105279.554864,65.441878,3645.665468,3825.888437,111410.749562,100459.868407,2897.717076,94.745349,0.698285,1.000000,0.000000,0.497826,0.498834,0.170300,0.756400,0.073300
2025-05-28,107802.328125,-0.010939,108992.171875,109298.289062,106812.929688,49155377493,106163.352344,105519.818988,61.350527,3410.321594,3742.775068,111545.506147,100781.198541,2954.866629,55.923394,0.699306,1.000000,0.000000,0.500091,0.505955,0.245200,0.639900,0.114900
2025-05-29,105641.757812,-0.020042,107795.570312,108910.046875,105374.398438,56022752042,106296.897656,105531.432210,54.679421,3014.718267,3597.163708,111474.162033,101119.633280,3013.641183,14.395445,0.678931,1.000000,0.000000,0.503225,0.515237,0.196580,0.697730,0.105689
2025-05-30,103998.570312,-0.015554,105646.210938,106308.945312,103685.789062,57655287183,106262.009766,105385.445360,50.207903,2539.336499,3385.598266,111493.804425,101030.215106,3101.294643,-44.759637,0.635566,1.000000,0.132353,0.506400,0.519275,0.233900,0.567900,0.198200
2025-05-31,104638.093750,0.006149,103994.718750,104927.101562,103136.117188,38997843858,106288.596484,105314.269016,51.857999,2188.964164,3146.271446,111479.511534,101097.681434,3153.667411,-57.768078,0.565113,1.000000,0.000000,0.506051,0.531763,0.252800,0.617700,0.129500
2025-06-01,105652.101562,0.009691,104637.296875,105884.546875,103826.953125,37397056873,106430.553906,105346.443544,54.436321,1970.399919,2911.097140,111370.479036,101490.628777,3053.883371,-35.834121,,,0.000000,0.506051,0.531763,0.237600,0.688050,0.074350
2025-06-02,105881.531250,0.002172,105649.812500,105958.312500,103727.546875,45819706290,106516.139844,105397.404279,55.023261,1795.007496,2687.879211,111349.305124,101682.974564,2859.221540,-37.525542,,,0.000000,0.518852,0.507639,0.222400,0.758400,0.019200
2025-06-03,105432.468750,-0.004241,105888.476562,106813.578125,104920.843750,46196508367,106610.792578,105400.743752,53.568713,1601.313225,2470.566014,111269.498640,101952.086516,2772.945312,-25.264444,,,0.000000,0.519068,0.517980,0.250800,0.672200,0.077000
2025-06-04,104731.984375,-0.006644,105434.367188,105997.695312,104232.703125,44544857105,106660.159766,105337.052382,51.290997,1375.430806,2251.538972,111210.652537,102109.666995,2570.642857,-55.472550,,,0.000000,0.519878,0.521074,0.000000,0.999700,0.000300
2025-06-05,101575.953125,-0.030134,104750.781250,105936.687500,100436.882812,57479298400,106564.492969,104978.852450,42.518995,931.019931,1987.435164,111462.825007,101666.160930,2771.693080,-132.299535,0.474155,1.000000,0.448276,0.517834,0.540160,0.000000,1.000000,0.000000
2025-06-06,104390.343750,0.027707,101574.367188,105376.773438,101169.570312,48856653697,106624.455859,104922.804002,50.627976,796.734544,1749.295040,111376.076269,101872.835449,2718.093192,-100.046751,0.478190,1.000000,0.448276,0.521501,0.520833,0.153000,0.513700,0.333300
2025-06-07,105615.625000,0.011737,104390.648438,105972.757812,103987.312500,38365033776,106582.936719,104988.786955,53.690954,780.188790,1555.473790,111355.587482,101810.285956,2677.108259,-45.971606,0.462960,1.000000,0.000000,0.526303,0.512503,0.435333,0.342467,0.222200
2025-06-08,105793.648438,0.001686,105617.507812,106497.062500,105075.328125,36626232328,106592.310156,105065.440430,54.136159,772.535845,1398.886201,111357.614414,101827.005899,2590.808594,-27.448231,0.461038,1.000000,0.000000,0.526065,0.514198,0.717667,0.171233,0.111100
2025-06-09,110294.101562,0.042540,105793.023438,110561.421875,105400.234375,55903193732,106767.460938,105563.408159,63.650102,1116.746488,1342.458258,111812.808644,101722.113231,2842.233259,68.700925,0.499111,1.000000,0.000000,0.517066,0.505058,1.000000,0.000000,0.000000
2025-06-10,110257.234375,-0.000334,110295.687500,110380.125000,108367.710938,54700101509,106796.418750,106010.439229,63.533833,1370.759763,1348.118559,111918.175011,101674.662489,2762.073103,95.849325,0.591323,1.000000,0.000000,0.516006,0.505435,0.537300,0.462700,0.000000
2025-06-11,108686.625000,-0.014245,110261.796875,110384.218750,108086.328125,50842662052,106647.085938,106265.314066,58.621014,1428.861081,1364.267064,111325.073026,101969.098849,2748.682478,83.139788,0.648975,1.000000,0.000000,0.508283,0.513162,0.074600,0.925400,0.000000
2025-06-12,105929.054688,-0.025372,108685.914062,108780.695312,105785.687500,54843867968,106579.148828,106233.289363,51.143471,1238.121687,1339.037989,111257.422792,101900.874865,2710.065290,9.976836,0.627384,1.000000,0.448276,0.504668,0.512098,0.000000,1.000000,0.000000
2025-06-13,106090.968750,0.001529,105924.593750,106182.546875,102822.023438,69550440846,106494.139453,106219.735019,51.534385,1087.488560,1288.728103,111141.368407,101846.910500,2762.734375,-50.225765,0.604692,1.000000,0.448276,0.502354,0.523457,0.000000,1.000000,0.000000
2025-06-14,105472.406250,-0.005830,106108.085938,106203.757812,104379.367188,38007870453,106315.990234,106148.560850,49.892004,907.734116,1212.529306,110824.128812,101807.851656,2765.120536,-34.462639,0.543524,1.000000,0.000000,0.509589,0.512850,0.000000,1.000000,0.000000
2025-06-15,105552.023438,0.000755,105464.843750,106157.101562,104519.882812,36744307742,106121.573047,106091.747763,50.112387,762.907541,1122.604953,110391.460064,101851.686030,2735.093750,-27.277019,0.506692,1.000000,0.000000,0.511154,0.513823,0.000000,1.000000,0.000000
2025-06-16,106796.757812,0.011793,105555.593750,108915.375000,104997.625000,50366626945,106011.678906,106158.891577,53.551871,740.040352,1046.092033,110078.528576,101944.829237,2855.592634,45.082365,0.508198,1.000000,0.224138,0.509870,0.510430,0.000000,1.000000,0.000000
2025-06-17,104601.117188,-0.020559,106794.117188,107750.195312,103396.531250,55964092176,105851.618359,106010.532111,47.350415,538.540171,944.581660,109873.463623,101829.773096,3031.373326,-28.412353,0.503809,1.000000,0.000000,0.507968,0.521082,0.000000,1.000000,0.000000
2025-06-18,104883.328125,0.002698,104602.070312,105581.851562,103602.265625,47318089133,105813.696875,105903.179351,48.181040,397.044999,835.074328,109858.112662,101769.281088,3046.701451,-53.113635,0.468009,1.000000,0.000000,0.509348,0.529815,0.000000,1.000000,0.000000
2025-06-19,104684.289062,-0.001898,104886.773438,105250.890625,103940.773438,37333806920,105847.982813,105787.094561,47.610532,265.784471,721.216357,109838.881342,101857.084283,2747.438058,-56.283046,0.459129,1.000000,0.000000,0.514308,0.539365,0.100000,0.897750,0.002250
2025-06-20,103309.601562,-0.013132,104681.031250,106539.382812,102372.210938,50951862476,105781.558203,105551.142847,43.756796,50.254481,587.023982,109899.448333,101663.668073,2744.578683,-84.257531,0.458423,1.000000,0.448276,0.513099,0.529859,0.200000,0.795500,0.004500
2025-06-21,102257.406250,-0.010185,103315.078125,104015.781250,100973.062500,38360555118,105611.823438,105237.453646,41.019946,-203.116543,428.995877,110021.681557,101201.965318,2820.098214,-152.107501,0.442849,0.000000,0.448276,0.516403,0.516957,0.160000,0.836400,0.003600
2025-06-22,100987.140625,-0.012422,102212.031250,103351.632812,98286.203125,65536997201,105367.103906,104832.661930,37.935126,-500.643602,243.067981,110233.524331,100500.683481,3080.362165,-193.934141,0.455054,1.000000,0.448276,0.514258,0.503533,0.120000,0.877300,0.002700
2025-06-23,105577.773438,0.045458,100987.476562,106116.859375,99705.750000,65237759656,105374.369141,104903.624930,51.987553,-361.839228,122.086539,110241.634238,100507.104044,3169.642299,-61.312042,0.434519,0.000000,0.448276,0.518911,0.503604,0.080000,0.918200,0.001800
2025-06-24,106045.632812,0.004431,105571.515625,106316.828125,104740.242188,48822986421,105440.051562,105012.387586,53.151749,-211.643727,55.340486,110306.270961,100573.832164,3138.511719,17.435368,0.435480,0.000000,0.448276,0.522511,0.493753,0.000000,1.000000,0.000000
2025-06-25,107361.257812,0.012406,106047.406250,108168.398438,105881.390625,51624120283,105729.316797,105236.089512,56.356495,13.392835,46.950956,110307.680618,101150.952976,3137.734375,68.851980,0.409990,0.000000,0.448276,0.516538,0.504521,0.000000,1.000000,0.000000
2025-06-26,106960.000000,-0.003737,107375.070312,108305.546875,106666.351562,43891990613,105857.799609,105400.271464,55.118068,157.541740,69.069113,110422.153446,101293.445773,3040.890625,67.791647,0.390204,0.000000,0.448276,0.514606,0.504424,0.000000,1.000000,0.000000
2025-06-27,107088.429688,0.001201,106954.921875,107772.468750,106449.992188,45353692675,105931.439844,105561.048438,55.455470,278.928671,111.041024,110526.761089,101336.118599,2895.315848,53.294247,0.375526,0.000000,0.448276,0.512135,0.505495,0.000000,1.000000,0.000000
2025-06-28,107327.703125,0.002234,107090.546875,107567.882812,106883.976562,30037708335,106008.142578,105729.301265,56.117354,389.941055,166.821030,110644.805191,101371.479965,2813.852679,53.988748,0.389434,0.000000,0.448276,0.513521,0.515566,0.000000,1.000000,0.000000
2025-06-29,108385.570312,0.009856,107327.820312,108526.304688,107230.109375,35534874438,105912.716016,105982.279270,59.016801,556.861056,244.829036,110246.649066,101578.782965,2789.493862,87.734784,0.395232,0.000000,0.000000,0.510819,0.508533,0.000000,1.000000,0.000000
2025-06-30,107135.335938,-0.011535,108383.437500,108798.789062,106759.648438,42064804590,105756.621094,106092.094191,54.438801,581.559050,312.175039,109632.369761,101880.872426,2655.307478,78.178530,0.445776,0.000000,0.000000,0.505859,0.503837,0.000000,1.000000,0.000000
2025-07-01,105698.281250,-0.013413,107144.382812,107550.679688,105270.226562,44110692247,105607.203906,106054.588196,49.669483,479.645044,345.669040,109229.467010,101984.940803,2507.220982,27.844030,,,0.000000,0.505859,0.503837,0.000000,1.000000,0.000000
2025-07-02,108859.320312,0.029906,105703.101562,109763.656250,105157.398438,56248657737,105753.717188,106321.705541,58.319581,646.494492,405.834130,109656.943999,101850.490376,2694.840402,103.330151,,,0.484848,0.498417,0.487511,0.000000,1.000000,0.000000
2025-07-03,109647.976562,0.007245,108845.015625,110541.460938,108605.796875,50494742270,105931.567578,106638.493257,60.159332,832.762280,491.219760,110205.995950,101657.139206,2739.522321,151.779475,,,0.484848,0.505656,0.484123,0.000000,1.000000,0.000000
2025-07-04,108034.335938,-0.014717,109635.656250,109751.984375,107296.382812,42616442656,106059.664062,106771.430655,54.826912,840.484951,561.072798,110428.660973,101690.667152,2617.267299,90.745203,,,0.484848,0.503983,0.491746,0.974600,0.008800,0.016600
2025-07-05,108231.179688,0.001822,108015.835938,108381.343750,107842.273438,30615537520,106193.621875,106910.454373,55.346875,852.659936,619.390226,110660.282554,101726.961196,2438.435268,75.209614,0.425947,0.000000,0.000000,0.511707,0.490005,0.736425,0.251125,0.012450
2025-07-06,109232.070312,0.009248,108231.187500,109731.625000,107847.015625,36746020463,106315.387500,107131.560653,57.994456,932.324942,681.977169,110979.683742,101651.091258,2211.233817,96.058280,0.423512,0.000000,0.484848,0.518492,0.509354,0.498250,0.493450,0.008300
2025-07-07,108299.851562,-0.008534,109235.328125,109710.250000,107527.054688,45415696597,106500.324219,107242.826454,54.739012,909.750734,727.531882,111171.731657,101828.916780,1909.239955,73.842835,0.421310,0.000000,0.400000,0.521203,0.505699,0.260075,0.735775,0.004150
2025-07-08,108950.273438,0.006006,108298.226562,109198.968750,107499.554688,44282204127,106703.671484,107405.440452,56.570769,933.582362,768.741978,111432.425588,101974.917381,1918.013393,69.733926,0.402282,0.000000,0.484848,0.523219,0.509874,0.021900,0.978100,0.000000
2025-07-09,111326.554688,0.021811,108950.273438,111925.375000,108357.679688,57927418065,107035.784766,107778.879903,62.536214,1131.175641,841.228711,112089.235012,101982.334519,2009.491071,131.896282,0.379681,0.000000,0.484848,0.515029,0.489574,0.499650,0.500350,0.000000
2025-07-10,115987.203125,0.041865,111329.195312,116608.781250,110660.750000,95911605728,107669.664844,108560.624972,70.961251,1644.883905,1001.959749,113817.147468,101522.182219,2317.265067,245.673928,0.337775,0.000000,0.627907,0.466557,0.478756,0.000000,1.000000,0.000000
2025-07-11,117516.992188,0.013189,115986.234375,118856.476562,115245.687500,86928361085,108432.644141,109413.612326,73.099646,2150.651225,1231.698044,115474.539699,101390.748582,2480.715960,289.274887,0.334682,0.000000,0.627907,0.447999,0.470258,0.000000,0.978900,0.021100
2025-07-12,117435.226562,-0.000696,117530.710938,118219.898438,116977.023438,45524560304,109255.048437,110177.575587,72.791106,2515.876212,1488.533678,116475.317905,102034.778970,2520.642299,234.196835,0.331232,0.000000,0.627907,0.442725,0.476487,0.000000,0.957800,0.042200
2025-07-13,119116.117188,0.014313,117432.203125,119449.570312,117265.437500,49021091807,109931.965625,111028.865263,75.116330,2907.438328,1772.314608,118167.733202,101696.198048,2584.066406,199.589581,0.324153,0.000000,0.627907,0.420936,0.474198,0.000000,0.936700,0.063300
2025-07-14,119849.703125,0.006159,119115.789062,123091.609375,118959.195312,181746419401,110622.169141,111868.945060,76.077195,3239.604237,2065.772534,119751.793420,101492.544861,2733.585938,187.653010,0.336019,0.000000,0.627907,0.353882,0.474737,0.000000,0.915600,0.084400
2025-07-15,117777.187500,-0.017293,119853.851562,119935.562500,115765.687500,98321661181,111142.965625,112431.634816,68.078991,3297.600739,2312.138175,120669.094270,101616.836980,2868.544643,113.096345,0.342458,0.000000,0.627907,0.382438,0.468364,0.000000,1.000000,0.000000
2025-07-16,118738.507812,0.008162,117777.187500,120065.515625,117064.820312,72162029070,111731.891016,113032.289387,69.671716,3382.146616,2526.139863,121618.695091,101845.086940,2753.861607,107.191390,0.330377,0.000000,0.484848,0.399579,0.472918,0.000000,1.000000,0.000000
2025-07-17,119289.843750,0.004643,118738.507812,120999.609375,117508.218750,72363841798,112341.961719,113628.246946,70.578415,3453.824496,2711.676790,122523.724999,102160.198439,2864.984933,101.202682,0.319927,0.000000,0.484848,0.412552,0.474710,0.000000,1.000000,0.000000
2025-07-18,118003.226562,-0.010786,119284.109375,120851.914062,116925.984375,77945799785,112875.737891,114044.911671,65.646193,3367.986428,2842.938717,123069.990471,102681.485310,2970.008371,81.215490,0.340015,0.000000,0.484848,0.416301,0.475274,0.000000,1.000000,0.000000
2025-07-19,117939.976562,-0.000536,117998.125000,118541.398438,117388.414062,47564562765,113353.458203,114415.870232,65.404217,3257.307185,2925.812411,123557.211965,103149.704441,3013.859375,65.127355,0.354046,0.000000,0.484848,0.446794,0.481944,0.000000,1.000000,0.000000
2025-07-20,117300.789062,-0.005420,117944.109375,118865.031250,116550.132812,57515447231,113861.730859,114690.624407,62.881671,3082.483053,2957.146539,123769.764399,103953.697319,3044.594308,54.212218,0.368620,0.000000,0.484848,0.455578,0.484699,0.000000,1.000000,0.000000
2025-07-21,117439.539062,0.001183,117306.468750,119671.562500,116584.398438,69820091744,114448.793750,114952.425802,63.213346,2921.452943,2950.007820,123689.086594,105208.500906,3109.163504,53.834076,0.378562,0.000000,0.484848,0.458183,0.483593,0.000000,1.000000,0.000000
2025-07-22,119995.414062,0.021763,117426.500000,120269.968750,116233.226562,79217583118,115005.598437,115432.710399,68.752369,2965.884302,2953.183117,124169.503152,105841.693723,3276.115513,62.742445,0.381337,0.000000,0.484848,0.454296,0.481608,0.000000,0.994300,0.005700
2025-07-23,118754.960938,-0.010338,119997.445312,120113.351562,117391.390625,66608604537,115460.947656,115749.115212,63.736389,2867.942420,2936.134977,124406.375296,106515.520016,3215.705915,57.033670,0.392119,0.000000,0.484848,0.464383,0.481399,0.000200,0.996950,0.002850
2025-07-24,118368.000000,-0.003258,118770.984375,119535.453125,117247.968750,72627318560,115977.630859,115998.532811,62.211596,2727.655545,2894.439091,124288.123536,107667.138183,2954.238281,47.186139,0.397630,0.000000,0.484848,0.461227,0.484728,0.000400,0.999600,0.000000
2025-07-25,117635.882812,-0.006185,118368.000000,118486.976562,114759.820312,104857024569,116447.866016,116154.470906,59.320095,2528.257271,2821.202727,123936.457229,108959.274802,2962.550223,14.890941,0.419189,0.000000,0.627907,0.441874,0.480467,0.000000,1.000000,0.000000
2025-07-26,117947.367188,0.002648,117644.843750,118335.687500,117181.226562,48508954046,116883.630859,116325.222933,60.168339,2368.069260,2730.576034,123576.253953,110191.007766,2956.234933,29.376437,0.417066,0.000000,0.484848,0.470997,0.482288,0.000000,1.000000,0.000000
2025-07-27,119448.492188,0.012727,117944.726562,119815.593750,117859.687500,54683390892,117441.062891,116622.677148,64.057973,2335.327150,2651.526257,122859.177839,112022.947942,2939.933036,64.203858,0.416037,0.000000,0.484848,0.456166,0.481226,0.000000,1.000000,0.000000
2025-07-28,117924.476562,-0.012759,119457.523438,119819.789062,117441.437500,64822943193,117889.773047,116746.658044,57.878456,2161.487190,2553.518444,121547.618911,114231.927182,2814.642857,35.533771,0.421286,0.000000,0.484848,0.424737,0.483383,0.000000,1.000000,0.000000
2025-07-29,117922.148438,-0.000020,117938.585938,119273.867188,116987.367188,68463107433,118219.552734,116858.609510,57.869272,2000.469740,2442.908703,120182.597782,116256.507686,2680.116071,-4.942380,0.422222,0.000000,0.484848,0.404067,0.495079,0.000000,1.000000,0.000000
2025-07-30,117831.187500,-0.000771,117921.992188,118780.726562,115800.828125,68896148592,118311.751953,116951.235986,57.485472,1844.262947,2323.179552,119985.183454,116638.320452,2678.630580,-83.406501,0.431429,0.000000,0.484848,0.410513,0.497346,0.000000,1.000000,0.000000
2025-07-31,115758.203125,-0.017593,117833.632812,118919.984375,115505.218750,69370346018,118223.812500,116837.613808,49.438246,1535.495193,2165.642680,120225.710193,116221.914807,2673.157366,-152.538122,0.451584,1.000000,0.484848,0.418291,0.520398,0.066100,0.933900,0.000000
2025-08-01,113320.085938,-0.021062,115738.953125,116060.773438,112724.445312,91294530181,118018.055469,116502.611154,41.992575,1081.590936,1948.832331,120977.928175,115058.182762,2631.042969,-320.436751,,,0.484848,0.418291,0.520398,0.251500,0.748500,0.000000
2025-08-02,112526.914062,-0.006999,113320.390625,114021.601562,112005.765625,56870866000,117688.595312,116123.973336,39.887926,650.369151,1689.139695,121483.052075,113894.138550,2692.675223,-296.505744,,,0.606061,0.597616,0.565139,0.619800,0.380200,0.000000
2025-08-03,114217.671875,0.015025,112525.804688,114747.421875,111943.804688,48099615826,117406.993750,115942.420816,46.090491,439.980977,1439.307951,121358.834596,113455.152904,2727.583705,-195.345427,,,0.606061,0.612505,0.550972,0.988100,0.011900,0.000000
2025-08-04,115071.882812,0.007479,114223.921875,115729.468750,114130.406250,35783028986,117271.728516,115859.512434,48.956131,338.275092,1219.101379,121353.284845,113190.172186,2621.290737,-105.965077,,,0.440000,0.622152,0.539044,0.498800,0.501200,0.000000
2025-08-05,114141.445312,-0.008086,115072.187500,115117.437500,112701.109375,61039182286,117041.875391,115695.886994,46.082699,180.513073,1011.383718,121290.003575,112793.747207,2505.546875,-126.113172,0.501955,1.000000,0.440000,0.639285,0.541646,0.009500,0.990500,0.000000
2025-08-06,115028.000000,0.007767,114140.914062,115737.835938,113372.250000,56379133510,116828.783203,115632.278709,49.145549,125.575533,834.222081,121029.421847,112628.144560,2480.091518,-83.624732,0.494533,1.000000,0.440000,0.630341,0.532877,0.253800,0.746200,0.000000
2025-08-07,117496.898438,0.021463,115030.054688,117676.906250,114279.710938,64051649681,116803.466797,115809.861540,56.548207,278.051404,722.987946,120980.338610,112626.594984,2559.356585,-9.890046,0.469508,1.000000,0.606061,0.608235,0.533818,0.293550,0.706450,0.000000
2025-08-08,116688.726562,-0.006878,117505.500000,117689.203125,115917.460938,59713005166,116740.904297,115893.562971,53.788075,329.874328,644.365222,120883.442439,112598.366155,2419.684152,4.031445,0.460353,1.000000,0.440000,0.606280,0.526827,0.333300,0.666700,0.000000
2025-08-09,116500.359375,-0.001614,116678.273438,117906.609375,116363.835938,54004312429,116700.882812,115951.353105,53.137054,351.690640,585.830306,120836.105386,112565.660239,2447.420759,12.160281,0.461028,1.000000,0.440000,0.593630,0.520669,0.327200,0.672800,0.000000
2025-08-10,119306.757812,0.024089,116497.718750,119320.710938,116485.164062,64755458694,116794.243750,116270.915458,60.757703,588.647561,586.393757,121081.211968,112507.275532,2510.252232,71.601478,0.434965,0.000000,0.606061,0.561686,0.515823,0.321100,0.678900,0.000000
2025-08-11,118731.445312,-0.004822,119306.812500,122321.093750,118159.031250,90528784177,116731.045313,116505.251635,58.652060,721.695461,613.454098,120853.419081,112608.671544,2637.660156,124.406297,0.434777,0.000000,0.606061,0.554928,0.504231,0.315000,0.685000,0.000000
2025-08-12,120172.906250,0.012141,118717.664062,120302.468750,118228.718750,72803657984,116801.942578,116854.552074,62.187940,932.699156,677.303109,121115.226341,112488.658815,2622.463728,113.675755,0.428759,0.000000,0.440000,0.527362,0.503781,0.000000,1.000000,0.000000
2025-08-13,123344.062500,0.026388,120168.976562,123682.453125,118939.632812,90904808795,117050.745703,117472.600686,68.558119,1340.356120,809.913711,122231.270310,111870.221096,2748.386719,185.887639,0.394120,0.000000,0.606061,0.492472,0.505380,0.000000,0.000000,1.000000
2025-08-14,118359.578125,-0.040411,123339.398438,124457.117188,117254.882812,104055627395,117086.930469,117557.074728,53.345435,1246.848081,897.300585,122294.701733,111879.159204,3018.920201,99.713612,0.393522,0.000000,0.606061,0.530326,0.507755,0.499950,0.000050,0.500000
2025-08-15,117398.351562,-0.008121,118365.781250,119332.312500,116864.570312,68665353159,117059.479688,117541.958236,50.995432,1082.698660,934.380200,122253.925065,111865.034310,2956.878348,26.514592,0.412663,0.000000,0.440000,0.526533,0.522551,0.999900,0.000100,0.000000
2025-08-16,117491.351562,0.000792,117398.421875,117996.062500,117271.953125,48036922378,116961.622656,117537.138553,51.219336,949.171921,937.338544,122038.989583,111884.255730,2864.612165,20.300348,0.403673,0.000000,0.440000,0.536576,0.520642,0.666600,0.333100,0.000300
2025-08-17,117453.062500,-0.000326,117492.789062,118595.773438,117279.523438,45852169525,116938.051953,117529.131310,51.115784,830.685783,916.007992,122000.954693,111875.149214,2758.371652,28.513073,0.419251,0.000000,0.440000,0.552019,0.518898,0.333300,0.666100,0.000600
2025-08-18,116252.312500,-0.010223,117453.906250,117614.171875,114723.679688,72787808090,116854.560156,117407.529518,47.848742,632.601933,859.326780,121904.188591,111804.931721,2850.616629,-24.816895,0.437278,0.000000,0.440000,0.580095,0.544097,0.000000,0.999100,0.000900
2025-08-19,112831.179688,-0.029429,116241.859375,116764.500000,112730.398438,71657600353,116604.559766,116971.686677,40.003599,197.288016,726.919027,121937.729759,111271.389772,2966.171875,-89.345757,0.438738,0.000000,0.606061,0.635639,0.564481,0.000400,0.999600,0.000000
2025-08-20,114274.742188,0.012794,112828.023438,114625.796875,112387.960938,67993811526,116530.386719,116714.834821,44.163641,-30.862210,575.362780,121953.621972,111107.151466,2957.046875,-89.361597,0.434797,0.000000,0.606061,0.639031,0.522351,0.000000,1.000000,0.000000
2025-08-21,112419.031250,-0.016239,114275.687500,114802.648438,111986.234375,57817883700,116485.333984,116305.710671,40.295612,-357.294602,388.831304,122034.371845,110936.296123,2915.562500,-107.438136,0.445151,0.000000,0.606061,0.683510,0.520905,0.000000,1.000000,0.000000
2025-08-22,116874.085938,0.039629,112433.734375,117377.398438,111678.945312,82528088240,116702.692578,116359.841649,51.318931,-253.585765,260.347890,121930.116121,111475.269035,3196.041853,-44.016091,0.456516,1.000000,0.606061,0.645466,0.501071,0.000000,1.000000,0.000000
2025-08-23,115374.328125,-0.012832,116866.367188,116996.250000,114536.109375,55377142586,116760.525391,116265.983218,48.099359,-289.081336,150.462045,121896.992061,111624.058721,3261.568080,-38.473739,0.454828,1.000000,0.606061,0.665237,0.508195,0.000300,0.999700,0.000000
2025-08-24,113458.429688,-0.016606,115387.390625,115615.085938,111060.546875,73961489632,116679.852734,115998.597168,44.277783,-466.432085,27.083219,121976.182894,111383.522575,3384.353237,-109.592799,0.452708,1.000000,0.606061,0.684114,0.510873,0.000600,0.999400,0.000000
2025-08-25,110124.351562,-0.029386,113456.898438,113637.843750,109324.281250,85706860190,116478.998047,115439.145205,38.539324,-866.032983,-151.540022,122443.225068,110514.771026,3395.174665,-170.428072,0.465948,1.000000,0.606061,0.731511,0.515216,0.000900,0.999100,0.000000
2025-08-26,111802.656250,0.015240,110124.101562,112397.015625,108762.039062,69396320317,116317.730859,115092.812924,42.573905,-1035.359432,-328.303904,122612.417908,110023.043811,3506.690848,-151.664293,0.468933,1.000000,0.606061,0.728359,0.521020,0.000000,0.999800,0.000200
2025-08-27,111222.062500,-0.005193,111795.710938,112619.414062,110398.265625,62137056409,116003.989062,114724.170026,41.557569,-1202.538808,-503.150884,122666.000383,109341.977742,3326.571429,-119.622354,0.476464,1.000000,0.627451,0.749194,0.507541,0.017500,0.978300,0.004200
2025-08-28,112544.804688,0.011893,111219.054688,113450.078125,110900.921875,58860155962,115796.792969,114516.611423,44.791195,-1214.297759,-645.380259,122624.829015,108968.756923,2994.208705,-86.060671,0.467360,1.000000,0.606061,0.740923,0.510700,0.011667,0.985533,0.002800
2025-08-29,108410.835938,-0.036732,112550.523438,112619.054688,107559.625000,77843379644,115392.316797,113935.108995,37.759439,-1539.447746,-824.193757,122962.899730,107821.733864,3179.329241,-132.570301,0.463210,1.000000,0.606061,0.793475,0.527815,0.005833,0.992767,0.001400
2025-08-30,108808.070312,0.003664,108409.406250,108929.351562,107444.445312,51486264208,114867.382422,113446.819597,38.754410,-1744.963110,-1008.347627,122744.845674,106989.919170,3233.671875,-137.879119,0.455488,1.000000,0.606061,0.790617,0.522104,0.000000,1.000000,0.000000
